id,width,height,initialFrame,finalFrame,numFrames,class,drivingDirection,traveledDistance,minXVelocity,maxXVelocity,meanXVelocity,minDHW,minTHW,minTTC,numLaneChanges
1,4.85,2.12,1,33,33,Car,2,52.25,40.85,41.30,41.07,-1.00,-1.00,-1.00,0
2,4.24,1.92,1,130,130,Car,1,167.44,32.04,32.90,32.48,112.62,3.51,-1.00,0
3,3.94,1.92,1,157,157,Car,2,225.23,35.69,36.50,36.13,90.31,2.53,-1.00,0
4,5.05,2.22,1,161,161,Car,1,273.49,42.57,42.83,42.76,-1.00,-1.00,-1.00,0
5,4.24,1.82,1,182,182,Car,1,313.92,42.50,44.26,43.40,33.64,0.76,24.53,0
6,11.82,2.50,1,185,185,Truck,2,171.48,23.25,23.40,23.33,-1.00,-1.00,-1.00,0
7,4.75,2.02,1,195,195,Car,2,262.00,32.59,34.65,33.80,25.78,0.79,-1.00,0
8,5.76,2.43,1,197,197,Car,1,245.39,31.10,31.52,31.31,72.05,2.29,-1.00,0
9,4.85,2.02,1,223,223,Car,1,323.25,35.99,36.62,36.42,33.68,0.92,9.74,1
10,9.20,2.50,1,232,232,Truck,2,210.46,22.17,23.38,22.78,31.04,1.32,298.90,0
11,4.14,1.92,1,235,235,Car,2,231.76,23.86,26.90,24.79,7.44,0.30,3.16,1
12,3.64,1.82,1,283,283,Car,2,401.02,33.04,36.69,35.57,60.64,1.77,7.57,0
13,5.66,2.02,2,29,28,Car,1,41.54,38.53,39.24,38.87,-1.00,-1.00,-1.00,0
14,4.95,1.92,2,83,82,Car,2,136.21,41.49,42.91,42.14,80.52,1.92,125.18,0
15,3.64,1.72,42,331,290,Car,2,410.36,34.94,35.88,35.52,64.11,1.81,31.52,0
16,4.55,2.02,84,354,271,Car,1,409.84,37.56,38.33,37.96,201.16,5.26,34.15,0
17,4.24,1.92,89,319,231,Car,1,408.89,43.33,44.89,44.47,164.40,3.69,19.93,0
18,4.14,1.82,135,467,333,Car,1,408.83,29.24,31.54,30.79,72.93,2.33,-1.00,0
19,5.26,2.12,179,460,282,Car,2,410.45,35.95,36.79,36.54,328.03,9.01,23.05,0
20,4.75,1.92,243,553,311,Car,2,410.61,32.81,33.47,33.13,87.08,2.60,-1.00,0
21,4.55,1.92,266,577,312,Car,2,410.68,32.32,34.87,33.03,23.54,0.70,17.64,0
22,7.98,2.50,280,697,418,Truck,1,408.52,24.32,24.66,24.50,20.82,0.85,-1.00,0
23,5.26,2.32,331,653,323,Car,1,401.88,30.80,31.58,31.21,-1.00,-1.00,-1.00,1
24,12.03,2.50,340,758,419,Truck,1,408.89,24.19,24.58,24.46,47.12,1.92,505.90,0
25,4.65,1.92,342,597,256,Car,2,408.89,37.92,41.22,40.11,-1.00,-1.00,-1.00,0
26,4.95,2.32,357,731,375,Car,2,410.17,26.78,28.05,27.43,118.17,4.41,-1.00,0
27,5.15,2.22,374,789,416,Car,1,410.45,24.14,25.25,24.74,24.92,0.99,28.79,0
28,2.83,1.82,394,688,295,Car,1,401.96,32.83,34.74,34.19,43.55,1.29,15.05,0
29,4.24,1.92,431,741,311,Car,1,410.03,32.82,33.21,33.08,49.67,1.51,356.32,0
30,5.26,2.32,460,785,326,Car,1,408.53,30.82,31.73,31.44,42.13,1.33,6.80,1
31,4.55,1.92,523,782,260,Car,2,403.22,38.72,39.23,38.95,82.60,2.12,7.58,1
32,4.85,2.22,559,868,310,Car,1,408.08,31.70,35.27,33.03,101.56,3.14,34.93,0
33,16.57,2.50,569,1012,444,Truck,2,409.77,22.62,23.50,23.13,53.50,2.36,-1.00,0
34,3.84,1.82,632,950,319,Car,1,409.84,31.60,33.68,32.23,202.44,6.40,28.33,0
35,11.82,2.50,638,1078,441,Truck,2,409.87,22.57,23.68,23.29,51.13,2.16,303.07,0
36,3.94,1.82,652,929,278,Car,1,410.95,36.48,37.50,37.11,84.12,2.29,16.72,0
37,3.64,1.92,678,956,279,Car,1,408.96,36.41,37.61,36.80,34.00,0.93,46.20,0
38,12.23,2.50,703,1110,408,Truck,1,406.86,24.81,25.20,25.00,80.09,3.17,-1.00,0
39,9.80,2.50,726,1167,442,Truck,2,408.47,21.87,24.07,23.16,70.56,3.21,441.60,0
40,4.65,2.02,784,1090,307,Car,1,408.21,32.74,34.30,33.36,148.88,4.34,-1.00,0
41,4.14,1.82,818,1106,289,Car,1,402.02,33.94,36.33,34.92,25.33,0.74,18.04,0
42,4.75,2.12,841,1134,294,Car,1,409.81,33.99,35.98,34.98,25.25,0.74,39.31,0
43,4.95,2.02,875,1163,289,Car,1,409.57,35.11,35.98,35.57,36.24,1.03,30.57,0
44,4.65,2.22,901,1189,289,Car,1,409.59,34.45,36.11,35.57,31.53,0.89,54.16,0
45,14.65,2.50,916,1354,439,Truck,1,405.93,22.97,23.32,23.17,20.55,0.88,-1.00,0
46,4.24,1.82,922,1212,291,Car,1,410.42,34.51,36.81,35.40,24.09,0.67,18.59,0
47,4.75,1.92,955,1211,257,Car,2,408.80,39.19,40.47,39.95,-1.00,-1.00,-1.00,0
48,4.75,2.02,963,1268,306,Car,1,408.54,31.68,34.44,33.51,54.11,1.59,-1.00,1
49,4.85,2.32,973,1269,297,Car,1,411.15,33.46,36.80,34.75,10.07,0.30,8.06,0
50,4.55,2.02,994,1242,249,Car,2,410.46,40.28,41.91,41.40,46.23,1.10,31.47,0
51,4.95,1.92,1006,1292,287,Car,1,409.71,34.10,37.17,35.83,30.23,0.82,21.82,0
52,16.47,2.50,1009,1463,455,Truck,1,407.58,22.31,22.55,22.45,72.16,3.20,-1.00,0
53,4.75,1.92,1018,1268,251,Car,2,408.98,39.52,41.58,40.93,32.43,0.82,-1.00,0
54,4.55,1.92,1029,1310,282,Car,1,401.78,33.53,37.77,35.77,25.53,0.76,74.38,0
55,4.04,1.82,1071,1361,291,Car,2,410.36,33.04,37.88,35.40,82.97,2.51,-1.00,0
56,5.96,2.32,1072,1444,373,Car,2,410.45,27.27,27.86,27.60,300.29,10.94,88.90,0
57,4.35,1.92,1081,1352,272,Car,1,410.30,36.87,38.81,37.87,53.07,1.38,26.21,0
58,4.55,1.92,1160,1451,292,Car,1,401.43,32.64,35.39,34.50,33.55,0.95,2.61,1
59,4.35,2.02,1167,1442,276,Car,2,410.93,36.94,38.16,37.37,113.82,3.06,34.55,0
60,4.95,2.02,1180,1499,320,Car,2,410.36,31.74,32.46,32.18,30.41,0.94,16.41,1
61,4.24,1.92,1196,1499,304,Car,1,410.06,33.19,34.03,33.85,48.99,1.44,-1.00,0
62,11.93,2.50,1202,1616,415,Truck,1,407.30,24.37,24.70,24.60,41.91,1.69,60.52,0
63,4.55,1.97,1206,1459,254,Car,2,410.21,39.76,41.41,40.55,22.03,0.55,7.57,0
64,4.35,2.02,1241,1655,415,Car,1,409.56,24.50,24.98,24.74,33.68,1.35,68.13,0
65,4.55,2.02,1260,1599,340,Car,1,408.51,29.33,30.58,30.14,79.67,2.71,-1.00,0
66,3.54,1.92,1282,1699,418,Car,1,408.87,24.18,25.00,24.52,36.48,1.50,258.44,0
67,4.55,2.02,1292,1635,344,Car,1,408.33,29.49,30.25,29.78,33.33,1.13,-1.00,0
68,4.65,2.12,1309,1657,349,Car,1,409.53,29.06,29.75,29.44,16.55,0.56,168.90,0
69,4.65,2.02,1328,1678,351,Car,1,406.93,28.63,29.76,29.07,15.51,0.53,55.13,0
70,4.24,2.02,1342,1700,359,Car,1,409.23,27.51,29.51,28.59,14.25,0.49,177.83,0
71,4.95,2.12,1344,1687,344,Car,2,410.88,29.44,30.20,29.96,204.86,6.95,137.21,0
72,10.11,2.50,1346,1765,420,Truck,1,406.19,23.86,24.37,24.24,50.78,2.08,272.45,0
73,3.94,2.02,1374,1791,418,Car,1,409.06,23.93,25.31,24.53,19.36,0.80,25.53,0
74,4.45,2.02,1376,1716,341,Car,1,407.67,26.45,31.10,29.99,12.33,0.43,7.34,0
75,3.74,1.82,1400,1815,416,Car,1,409.69,23.61,26.30,24.69,18.80,0.76,20.68,0
76,4.45,2.02,1405,1731,327,Car,1,402.75,27.02,32.28,30.90,18.10,0.65,13.19,0
77,4.55,1.92,1413,1634,222,Car,2,410.00,44.66,47.48,46.41,248.38,5.33,17.63,0
78,6.06,2.22,1441,1749,309,Car,2,411.36,33.31,33.71,33.41,77.09,2.30,23.18,0
79,4.14,1.92,1471,1812,342,Car,1,409.25,24.66,34.41,30.01,7.18,0.23,3.38,1
80,4.65,2.12,1475,1791,317,Car,1,408.41,25.54,35.09,32.33,53.66,1.78,16.59,0
81,3.94,1.72,1476,1807,332,Car,2,410.81,30.73,31.48,31.05,41.38,1.34,-1.00,0
82,4.75,1.92,1545,1786,242,Car,2,409.10,41.79,42.89,42.46,236.94,5.67,-1.00,0
83,3.64,1.72,1545,1903,359,Car,1,409.85,28.25,29.16,28.63,95.91,3.29,19.08,0
84,4.35,1.92,1603,1876,274,Car,1,407.89,32.77,39.83,37.38,81.44,2.33,7.92,0
85,4.65,1.92,1615,1836,222,Car,2,410.84,45.76,47.28,46.51,88.03,1.91,21.88,0
86,4.95,2.02,1618,1957,340,Car,1,408.44,28.62,32.27,30.13,57.69,1.97,19.46,0
87,4.24,1.92,1642,1872,231,Car,2,411.16,43.37,45.46,44.73,44.98,1.03,-1.00,0
88,4.95,2.02,1647,1917,271,Car,1,401.06,32.74,40.44,37.15,57.27,1.62,32.86,0
89,4.65,2.02,1669,1945,277,Car,2,411.19,36.35,37.81,37.26,203.05,5.44,34.69,0
90,4.04,1.92,1674,1939,266,Car,1,402.30,33.31,39.66,37.97,25.86,0.75,10.31,0
91,4.24,1.82,1687,2024,338,Car,1,409.79,29.95,30.88,30.41,77.89,2.54,38.98,0
92,3.84,1.82,1736,2085,350,Car,1,403.01,28.60,29.09,28.88,54.82,1.91,-1.00,0
93,4.85,1.92,1747,2020,274,Car,2,410.26,36.34,39.31,37.59,103.14,2.69,61.35,1
94,4.85,2.02,1760,2069,310,Car,2,411.65,32.73,33.67,33.32,27.35,0.83,-1.00,0
95,4.85,1.92,1773,2023,251,Car,2,411.09,38.39,43.42,41.12,35.04,0.91,216.66,0
96,4.04,1.92,1791,2066,276,Car,1,409.57,36.72,37.65,37.26,39.80,1.07,4.91,1
97,5.05,2.12,1828,2102,275,Car,2,402.76,35.61,37.11,36.77,52.36,1.41,15.80,1
98,6.67,2.73,1836,2212,377,Truck,2,408.09,26.95,27.39,27.15,26.38,0.97,-1.00,0
99,4.45,2.02,1857,2150,294,Car,2,410.35,34.36,35.56,35.03,35.76,1.04,-1.00,1
100,3.94,1.92,1896,2174,279,Car,2,409.90,34.60,40.21,36.89,46.73,1.27,31.52,0
101,4.85,2.02,1915,2196,282,Car,2,411.96,35.16,39.32,36.67,22.48,0.63,63.71,0
102,4.55,1.92,1941,2224,284,Car,2,408.53,35.68,36.39,36.11,28.65,0.79,84.73,0
103,8.08,2.50,1948,2356,409,Truck,1,406.20,24.69,25.06,24.90,235.45,9.41,-1.00,0
104,4.55,2.02,1951,2161,211,Car,1,408.20,48.02,48.87,48.63,180.82,3.70,15.36,0
105,4.85,2.22,1974,2382,409,Car,1,406.92,24.52,25.49,24.94,20.73,0.83,47.62,0
106,3.84,1.92,1977,2252,276,Car,2,410.50,36.36,38.39,37.35,38.21,1.00,16.74,0
107,3.94,1.82,2015,2315,301,Car,1,403.06,33.39,33.76,33.60,121.45,3.63,-1.00,0
108,4.75,1.92,2020,2290,271,Car,2,408.12,37.08,38.41,37.82,53.88,1.41,104.26,0
109,3.94,1.82,2111,2413,303,Car,2,410.48,33.80,34.13,34.00,268.36,7.90,40.87,0
110,4.85,2.02,2120,2369,250,Car,2,411.46,40.79,41.54,41.34,125.00,3.01,39.86,0
111,4.04,1.82,2177,2484,308,Car,2,410.44,33.19,33.84,33.43,85.96,2.54,-1.00,1
112,14.35,2.50,2187,2629,443,Truck,2,409.66,22.67,23.64,23.18,22.50,0.98,-1.00,0
113,4.85,2.02,2205,2466,262,Car,2,411.04,35.66,41.13,39.40,30.27,0.82,10.68,0
114,5.05,1.92,2229,2498,270,Car,2,410.08,35.26,42.02,38.13,28.07,0.79,-1.00,0
115,5.96,2.32,2242,2544,303,Car,2,399.85,32.51,33.99,33.12,11.70,0.36,-1.00,1
116,4.75,1.92,2296,2569,274,Car,1,407.26,37.04,37.73,37.32,367.93,9.77,91.46,1
117,3.44,1.72,2300,2694,395,Car,1,407.00,25.08,26.20,25.83,41.66,1.60,243.18,0
118,4.85,2.02,2337,2621,285,Car,2,410.77,34.80,37.46,36.18,87.87,2.45,6.99,1
119,4.75,2.02,2364,2698,335,Car,1,406.39,30.35,30.50,30.43,30.41,0.99,7.03,1
120,4.35,2.02,2504,2853,350,Car,1,406.01,28.97,29.26,29.09,165.16,5.69,45.90,0
121,7.68,2.50,2522,2957,436,Truck,2,408.44,22.89,23.89,23.48,300.63,12.97,-1.00,0
122,4.75,1.92,2578,2839,262,Car,2,408.11,37.84,40.61,39.13,338.76,8.89,334.89,0
123,3.94,1.92,2617,2858,242,Car,1,397.92,41.02,42.58,41.32,41.48,1.01,3.39,2
124,4.24,1.92,2652,3018,367,Car,2,408.99,26.92,28.22,27.95,62.91,2.29,16.10,0
125,4.65,2.12,2655,2944,290,Car,1,404.63,34.61,35.40,35.02,16.01,0.45,20.17,0
126,4.85,2.02,2667,2914,248,Car,1,398.39,39.00,42.75,40.35,80.82,2.00,9.96,1
127,5.05,2.02,2716,2946,231,Car,2,408.67,43.58,45.44,44.45,187.41,4.21,47.17,0
128,4.14,1.92,2742,3019,278,Car,1,405.61,36.47,36.86,36.63,105.59,2.88,61.08,0
129,4.04,1.92,2762,3106,345,Car,1,406.00,28.94,30.11,29.52,26.13,0.86,-1.00,0
130,4.14,2.02,2764,3016,253,Car,1,406.77,39.15,40.84,40.38,155.50,3.88,151.14,0
131,4.45,2.02,2794,3049,256,Car,1,407.61,38.39,42.19,39.99,43.97,1.14,41.97,0
132,16.78,2.50,2797,3211,415,Truck,2,406.56,24.10,25.00,24.56,144.18,5.98,-1.00,0
133,4.75,2.02,2830,3037,208,Car,2,409.31,48.38,50.26,49.48,174.70,3.47,36.06,0
134,3.23,1.72,2831,3088,258,Car,1,403.70,38.82,39.77,39.30,50.90,1.31,3661.07,0
135,4.65,2.02,2862,3116,255,Car,2,409.57,39.72,40.82,40.34,57.63,1.45,-1.00,0
136,4.04,1.82,2900,3158,259,Car,2,408.00,38.75,40.34,39.56,55.71,1.43,-1.00,0
137,3.94,1.82,2912,3188,277,Car,2,409.08,36.54,37.66,37.08,27.85,0.75,3.77,1
138,3.84,1.82,2927,3278,352,Car,1,405.98,28.71,29.19,28.92,32.65,1.13,70279.15,0
139,4.55,2.12,2966,3230,265,Car,1,400.28,37.52,38.29,37.93,34.89,0.91,3.79,2
140,4.95,2.12,3112,3385,274,Car,2,408.09,36.68,38.02,37.39,254.84,6.83,20.72,0
141,4.95,2.22,3199,3567,369,Car,1,406.73,26.56,28.85,27.65,22.69,0.83,3499.48,0
142,4.85,1.92,3203,3492,290,Car,2,409.43,35.02,35.73,35.43,136.72,3.86,-1.00,1
143,4.75,2.12,3211,3517,307,Car,1,406.69,32.36,33.79,33.24,-1.00,-1.00,-1.00,1
144,16.07,2.50,3229,3628,400,Truck,2,388.70,23.96,24.78,24.36,27.41,1.12,-1.00,0
145,4.85,1.92,3235,3518,284,Car,1,401.53,33.45,40.81,35.49,28.63,0.82,19.41,0
146,5.46,2.32,3235,3595,361,Car,1,407.57,27.04,29.53,28.31,23.80,0.87,18.69,0
147,4.85,1.92,3242,3519,278,Car,2,409.97,36.39,37.39,37.02,34.61,0.92,14.55,1
148,4.55,1.82,3257,3542,286,Car,1,400.28,33.40,39.73,35.13,23.21,0.68,56.82,0
149,4.35,1.92,3259,3515,257,Car,2,408.27,37.60,42.16,39.89,13.08,0.33,5.38,0
150,4.45,1.82,3269,3626,358,Car,1,408.29,27.40,30.06,28.60,29.78,1.08,42.15,0
151,4.65,1.82,3285,3536,252,Car,2,402.99,37.11,44.01,40.17,35.39,0.88,43.43,0
152,4.45,2.22,3298,3577,280,Car,1,400.29,34.94,37.67,35.88,40.21,1.14,17.64,0
153,4.14,1.92,3306,3621,316,Car,1,407.12,32.23,32.42,32.32,24.50,0.76,6.58,1
154,6.57,2.43,3326,3726,401,Car,2,400.95,24.57,26.22,25.07,79.27,3.19,43.50,0
155,4.14,1.92,3340,3640,301,Car,2,410.47,32.54,35.19,34.22,78.94,2.42,-1.00,0
156,4.35,1.92,3367,3665,299,Car,2,409.02,33.62,35.24,34.32,29.34,0.86,44.55,0
157,4.75,2.02,3386,3682,297,Car,2,408.49,34.06,35.16,34.52,17.49,0.50,13.40,0
158,5.05,1.92,3395,3707,313,Car,2,411.18,31.29,34.71,32.96,10.27,0.32,10.69,1
159,6.27,2.53,3398,3774,377,Car,1,408.60,26.63,27.56,27.18,20.68,0.76,-1.00,0
160,3.74,1.82,3429,3740,312,Car,1,400.10,32.00,32.55,32.18,153.91,4.73,550.04,1
161,5.05,2.32,3628,3927,300,Car,1,407.68,33.69,34.53,34.11,202.05,5.93,27.11,1
162,4.65,2.02,3641,3904,264,Car,1,406.97,35.22,42.16,38.71,12.85,0.36,14.40,0
163,3.94,2.02,3654,3938,285,Car,1,406.29,32.85,38.69,35.78,13.40,0.40,-1.00,0
164,16.78,2.50,3672,4105,434,Truck,1,405.78,23.25,23.58,23.44,25.32,1.08,-1.00,0
165,4.45,1.92,3678,3974,297,Car,1,406.94,33.74,35.70,34.39,24.56,0.70,11.61,1
166,4.65,1.82,3714,4048,335,Car,2,410.08,30.40,31.20,30.71,20.00,0.65,65.25,0
167,4.75,2.02,3723,3980,258,Car,2,410.66,36.38,43.46,39.98,-1.00,-1.00,-1.00,1
168,4.45,2.02,3743,4024,282,Car,1,407.33,35.50,37.08,36.26,66.90,1.88,33.89,1
169,4.75,2.02,3745,4026,282,Car,2,401.78,33.48,37.66,35.76,27.18,0.81,-1.00,0
170,16.78,2.50,3751,4164,414,Truck,2,409.17,24.06,25.46,24.78,26.67,1.06,-1.00,0
171,4.65,2.02,3773,4041,269,Car,1,406.67,37.12,40.58,37.97,31.18,0.82,14.21,0
172,4.85,1.92,3794,4088,295,Car,2,401.70,33.40,34.74,34.17,59.29,1.71,17.87,1
173,16.88,2.50,3805,4223,419,Truck,1,404.50,23.98,24.44,24.20,97.84,4.06,99.71,0
174,4.35,2.07,3808,4108,301,Car,1,409.07,32.85,34.45,34.10,50.24,1.53,-1.00,0
175,4.95,2.02,3817,4098,282,Car,2,402.89,33.91,40.63,35.87,20.91,0.56,7.58,0
176,12.03,2.50,3862,4301,440,Truck,2,409.00,22.97,23.78,23.30,95.80,4.16,-1.00,0
177,4.45,1.92,3867,4150,284,Car,2,407.70,34.89,38.13,36.05,57.47,1.62,53.72,0
178,4.95,2.02,3929,4239,311,Car,2,410.10,32.40,34.28,33.09,83.70,2.58,-1.00,0
179,16.67,2.50,3944,4380,437,Truck,2,408.52,22.86,23.78,23.43,56.33,2.38,203.91,0
180,4.55,2.12,3960,4221,262,Car,1,407.17,37.46,40.42,39.02,166.63,4.33,29.99,0
181,4.24,1.82,4016,4337,322,Car,2,409.20,30.93,32.50,31.87,109.34,3.53,-1.00,0
182,4.24,2.02,4032,4369,338,Car,1,407.19,29.50,30.60,30.22,169.81,5.61,27.08,0
183,3.84,1.92,4042,4332,291,Car,1,409.05,35.07,35.46,35.28,130.14,3.70,-1.00,0
184,8.59,2.50,4070,4532,463,Truck,2,406.99,21.25,23.47,22.03,17.25,0.81,-1.00,0
185,4.45,1.92,4076,4367,292,Car,1,408.81,34.68,35.29,35.14,43.45,1.25,491.44,0
186,4.24,1.92,4098,4389,292,Car,1,407.65,34.61,35.51,35.03,24.89,0.71,80.81,0
187,9.30,2.50,4111,4576,466,Truck,2,407.40,21.28,23.05,21.91,24.48,1.14,57.55,0
188,4.45,2.12,4113,4447,335,Car,2,408.68,29.99,31.34,30.61,79.13,2.62,12.42,1
189,5.05,2.22,4134,4426,293,Car,1,407.64,34.06,35.50,34.92,44.72,1.31,182.90,0
190,8.08,2.50,4145,4617,473,Truck,2,407.19,21.00,22.42,21.57,15.79,0.73,21.05,0
191,4.24,2.12,4164,4488,325,Car,2,409.88,30.15,34.14,31.64,58.47,1.91,-1.00,0
192,4.45,1.82,4166,4562,397,Car,1,408.49,25.54,25.98,25.80,12.27,0.47,-1.00,0
193,4.35,1.92,4168,4465,298,Car,1,407.16,33.39,35.13,34.29,41.24,1.19,28.91,1
194,4.85,2.12,4185,4464,280,Car,1,406.27,34.67,37.45,36.43,17.61,0.50,26.91,0
195,4.75,1.82,4195,4513,319,Car,2,410.10,30.22,33.64,32.26,25.35,0.78,15.83,0
196,16.78,2.50,4211,4679,469,Truck,2,406.01,21.27,22.18,21.69,37.89,1.77,43.34,0
197,4.35,1.92,4229,4553,325,Car,2,408.49,29.64,34.35,31.53,35.78,1.20,-1.00,0
198,4.85,2.02,4255,4591,337,Car,1,401.46,29.67,30.32,29.88,37.58,1.24,7.94,0
199,4.35,1.92,4303,4603,301,Car,2,410.14,32.25,35.53,34.19,58.96,1.75,16.30,0
200,4.14,1.92,4330,4632,303,Car,2,408.75,32.54,34.45,33.85,32.20,0.95,35.85,0
201,3.44,1.72,4331,4686,356,Car,1,405.59,28.52,28.81,28.57,83.85,2.93,-1.00,0
202,3.94,1.92,4350,4650,301,Car,2,408.75,33.58,34.34,34.08,20.41,0.60,18.02,0
203,4.95,2.02,4370,4666,297,Car,2,408.75,33.88,35.21,34.55,17.33,0.50,15.15,0
204,4.95,2.02,4392,4689,298,Car,2,409.20,33.77,35.05,34.45,24.24,0.71,26.08,0
205,4.75,2.02,4423,4794,372,Car,2,409.07,27.11,27.86,27.57,121.24,4.35,20.96,0
206,4.75,2.02,4431,4718,288,Car,2,408.23,34.72,36.35,35.57,36.01,1.03,26.48,0
207,16.98,2.50,4449,4868,420,Truck,1,384.42,22.39,23.88,22.95,32.68,1.44,-1.00,0
208,4.95,2.32,4476,4769,294,Car,2,407.82,33.96,36.72,34.82,59.25,1.69,63.17,0
209,4.65,1.82,4476,4784,309,Car,1,408.72,30.58,35.69,33.19,-1.00,-1.00,-1.00,0
210,16.27,2.50,4489,4914,426,Truck,1,404.95,22.39,24.81,23.83,4.89,0.21,4.69,0
211,3.94,1.82,4491,4814,324,Car,1,400.81,29.76,31.96,31.04,13.29,0.44,-1.00,1
212,4.65,2.12,4493,4784,292,Car,2,410.07,34.48,37.23,35.26,17.73,0.48,23.95,0
213,4.55,2.02,4512,4811,300,Car,2,402.20,32.46,35.02,33.65,36.47,1.06,6.11,1
214,4.35,2.02,4516,4837,322,Car,1,405.43,29.15,34.72,31.59,22.62,0.68,20.67,0
215,16.73,2.50,4527,4970,444,Truck,1,404.31,21.84,23.73,22.83,21.14,0.89,276.41,0
216,5.96,2.53,4534,4890,357,Car,1,406.88,27.98,29.22,28.59,16.57,0.57,-1.00,0
217,4.55,2.02,4549,4986,438,Car,1,405.63,22.26,24.22,23.21,9.26,0.40,7.85,0
218,4.65,2.02,4557,4909,353,Car,1,406.48,28.05,29.95,28.88,16.98,0.60,14.09,0
219,5.05,2.22,4579,4930,352,Car,1,408.06,28.33,29.99,29.07,19.12,0.66,12.55,0
220,4.85,2.22,4606,4949,344,Car,1,406.76,28.79,29.93,29.66,18.06,0.61,13.67,0
221,5.05,2.02,4645,4982,338,Car,1,407.35,29.73,30.68,30.24,34.66,1.13,35.54,0
222,19.10,2.50,4656,5094,439,Truck,1,405.35,23.01,23.30,23.15,80.03,3.46,85.88,0
223,4.14,1.92,4685,4980,296,Car,2,406.64,34.30,34.65,34.47,222.30,6.47,35.35,1
224,4.45,2.02,4699,5050,352,Car,1,406.38,26.75,30.68,28.95,58.36,2.18,-1.00,0
225,6.06,2.93,4713,5142,430,Car,1,407.11,23.19,24.15,23.74,38.37,1.62,49.23,0
226,4.55,1.92,4727,5087,361,Car,1,407.67,27.00,30.10,28.32,27.55,1.01,-1.00,0
227,3.94,1.82,4748,5177,430,Car,1,407.82,22.82,24.69,23.78,28.12,1.17,39.67,0
228,4.95,2.22,4754,5132,379,Car,2,408.78,26.40,27.56,27.04,141.76,5.23,-1.00,1
229,5.05,2.22,4763,5185,423,Car,2,408.03,23.59,24.74,24.18,22.76,0.94,-1.00,0
230,5.46,2.63,4788,5200,413,Car,1,406.45,22.58,26.21,24.67,15.31,0.65,9.00,0
231,4.75,2.02,4812,5258,447,Car,1,407.33,21.89,23.54,22.84,21.09,0.95,132.64,0
232,4.85,1.92,4831,5178,348,Car,1,406.19,28.99,29.60,29.28,98.34,3.34,48.82,0
233,4.95,2.02,4856,5115,260,Car,2,408.71,38.75,40.07,39.47,74.38,1.90,6.13,0
234,4.35,1.92,4865,5228,364,Car,1,404.83,27.69,28.08,27.89,34.45,1.23,-1.00,0
235,4.65,2.02,4893,5260,368,Car,1,405.59,27.07,28.19,27.64,27.75,1.01,152.54,0
236,4.85,2.43,4919,5291,373,Car,1,405.11,26.71,28.77,27.24,20.28,0.73,13.86,0
237,4.35,2.02,4938,5228,291,Car,2,400.39,34.13,34.89,34.54,61.86,1.77,6.10,1
238,5.15,2.22,4951,5326,376,Car,1,406.20,26.30,28.58,27.09,30.74,1.12,58.49,0
239,11.93,2.50,4955,5372,418,Truck,1,403.42,23.95,24.36,24.19,99.83,4.13,65.54,0
240,5.26,2.22,4964,5342,379,Car,1,406.57,26.17,28.38,26.89,9.46,0.33,31.78,0
241,4.45,2.02,5012,5391,380,Car,1,406.41,26.26,29.08,26.82,17.94,0.68,19.21,0
242,3.94,1.92,5033,5369,337,Car,1,357.38,26.10,27.62,26.60,22.22,0.83,33.04,0
243,4.04,1.92,5042,5423,382,Car,1,406.91,26.19,27.29,26.71,29.69,1.08,43.51,0
244,3.84,2.02,5065,5452,388,Car,1,406.75,26.13,26.50,26.29,21.59,0.82,226.40,0
245,4.85,1.92,5084,5471,388,Car,1,406.86,26.03,26.69,26.29,14.20,0.53,36.84,0
246,16.78,2.50,5109,5535,427,Truck,1,403.62,23.42,23.93,23.70,131.70,5.50,-1.00,0
247,4.75,1.82,5130,5446,317,Car,2,407.96,32.18,32.51,32.30,267.21,8.26,-1.00,0
248,4.85,2.12,5130,5509,380,Car,1,406.03,26.34,28.05,26.79,35.70,1.34,24.73,0
249,16.47,2.50,5137,5560,424,Truck,2,406.74,23.57,24.71,24.05,257.46,10.88,-1.00,0
250,4.45,2.12,5181,5551,371,Car,1,403.23,26.37,28.30,27.26,43.65,1.54,22.97,0
251,16.78,2.50,5225,5655,431,Truck,1,403.53,23.17,23.65,23.47,94.12,3.99,14985.93,0
252,4.85,2.02,5240,5627,388,Car,1,405.77,25.63,27.09,26.22,60.51,2.25,249.97,0
253,4.04,2.02,5270,5653,384,Car,1,404.21,24.36,28.21,26.40,15.69,0.60,10.65,0
254,10.81,2.43,5282,5712,431,Car,1,404.32,23.11,23.83,23.51,42.26,1.80,97.19,0
255,4.35,2.02,5287,5669,383,Car,1,404.50,24.32,28.23,26.48,9.68,0.39,11.70,0
256,4.45,1.92,5317,5709,393,Car,1,405.92,23.95,27.73,25.91,30.34,1.13,60.85,0
257,3.64,1.82,5319,5750,432,Car,1,405.11,22.76,24.19,23.51,29.88,1.25,50.84,0
258,4.04,1.82,5341,5737,397,Car,1,405.43,24.36,26.80,25.61,21.79,0.82,46.47,0
259,4.95,2.02,5354,5697,344,Car,2,408.25,29.56,30.04,29.77,157.38,5.32,32.05,0
260,5.15,2.22,5354,5753,400,Car,1,405.56,23.96,26.92,25.42,8.46,0.32,9.53,0
261,4.65,2.02,5356,5771,416,Car,1,406.22,23.79,25.54,24.48,9.50,0.39,15.99,1
262,4.24,2.12,5378,5792,415,Car,1,406.32,23.19,26.53,24.55,12.32,0.53,29.11,0
263,4.75,2.12,5382,5797,416,Car,1,405.07,23.95,25.43,24.41,20.02,0.82,20.59,0
264,4.95,2.22,5403,5815,413,Car,1,405.70,23.38,25.47,24.63,16.74,0.70,11.85,0
265,4.75,2.12,5417,5827,411,Car,1,406.27,23.72,25.54,24.79,23.76,0.98,18.91,0
266,4.04,1.92,5436,5691,256,Car,2,408.44,39.23,40.59,40.07,388.73,9.88,54.78,0
267,5.26,2.22,5488,5873,386,Car,1,404.08,24.85,28.23,26.25,40.96,1.62,19.25,0
268,5.96,2.32,5504,5919,416,Truck,2,405.60,23.80,25.26,24.44,170.65,7.17,-1.00,0
269,4.85,2.02,5550,5873,324,Car,1,406.86,28.54,33.71,31.51,61.52,2.08,9.88,0
270,4.85,2.02,5574,5885,312,Car,1,399.09,29.05,33.99,32.09,16.97,0.58,16.58,0
271,3.74,1.92,5616,5924,309,Car,1,405.42,30.35,34.34,32.92,37.25,1.20,18.86,0
272,16.88,2.50,5688,6147,460,Truck,2,404.89,21.56,22.51,22.06,18.03,0.82,-1.00,0
273,4.55,1.92,5689,5987,299,Car,1,402.61,32.74,34.10,33.79,148.29,4.38,16.53,0
274,4.85,2.02,5706,6036,331,Car,2,407.05,30.32,31.72,30.86,137.03,4.49,24.70,1
275,4.35,1.82,5749,6054,306,Car,2,398.24,31.28,32.97,32.65,42.91,1.30,22.05,0
276,18.09,2.50,5766,6225,460,Truck,2,403.86,21.56,22.34,22.00,49.11,2.27,-1.00,0
277,4.75,2.02,5768,6085,318,Car,1,406.89,31.19,32.49,32.11,106.14,3.26,-1.00,0
278,4.85,2.02,5795,6057,263,Car,1,406.55,36.03,39.96,38.82,206.64,5.23,22.66,0
279,4.65,2.12,5816,6086,271,Car,1,404.89,35.20,38.59,37.50,23.81,0.67,-1.00,0
280,7.78,2.50,5822,6261,440,Truck,1,392.31,22.12,22.57,22.35,19.33,0.86,-1.00,0
281,3.84,1.92,5850,6148,299,Car,1,406.31,33.20,34.77,34.10,45.80,1.38,24.34,1
282,4.45,2.12,5865,6186,322,Car,2,407.57,31.02,32.40,31.76,148.72,4.67,481.39,0
283,8.49,2.50,5884,6365,482,Truck,2,406.93,20.67,21.40,21.15,95.87,4.63,-1.00,0
284,5.36,2.43,5891,6212,322,Car,1,397.24,29.90,32.19,30.95,48.67,1.62,-1.00,1
285,5.36,2.43,5932,6255,324,Car,1,405.66,31.16,31.74,31.41,40.12,1.28,30.19,0
286,3.64,1.82,5937,6270,334,Car,2,407.18,28.52,32.93,30.58,88.56,3.10,135.09,0
287,4.24,1.92,5951,6283,333,Car,1,405.73,30.10,31.79,30.57,19.39,0.61,95.15,0
288,15.46,2.50,5959,6409,451,Truck,1,402.66,21.96,22.79,22.38,105.97,4.71,292.86,0
289,4.95,2.02,5964,6312,349,Car,2,407.05,27.79,31.39,29.26,25.59,0.92,-1.00,0
290,16.67,2.50,5977,6452,476,Truck,2,404.43,20.93,21.75,21.29,58.88,2.76,158.61,0
291,4.85,2.12,5984,6330,347,Car,2,408.05,28.15,31.13,29.50,15.91,0.53,15.09,0
292,4.45,2.02,6008,6319,312,Car,1,406.47,32.50,32.91,32.69,42.25,1.30,20.02,0
293,3.84,1.92,6015,6362,348,Car,2,405.95,28.74,29.72,29.26,26.16,0.89,24.21,0
294,8.89,2.50,6028,6511,484,Truck,2,405.44,20.32,21.89,20.98,30.82,1.45,61.97,0
295,3.84,1.82,6036,6488,453,Car,1,403.99,21.17,23.88,22.35,57.46,2.55,43.43,0
296,4.95,2.22,6043,6391,349,Car,2,406.59,28.26,29.59,29.22,28.83,1.00,106.92,0
297,4.04,1.92,6066,6414,349,Car,2,407.38,28.38,30.01,29.28,21.14,0.71,34.09,0
298,4.45,1.92,6071,6514,444,Car,1,403.77,21.66,23.74,22.79,19.14,0.87,12.57,0
299,4.95,1.82,6107,6444,338,Car,2,407.92,29.66,30.76,30.27,30.68,1.03,20.30,0
300,16.57,2.50,6113,6598,486,Truck,2,405.34,20.13,21.74,20.90,53.23,2.59,107.52,0
301,16.78,2.50,6115,6578,464,Truck,1,402.19,21.47,22.05,21.73,19.65,0.90,130.44,0
302,3.44,1.82,6133,6519,387,Car,1,404.55,25.61,26.53,26.20,159.01,6.20,-1.00,0
303,3.44,1.82,6154,6517,364,Car,2,407.14,27.69,28.48,28.05,52.70,1.90,-1.00,0
304,16.67,2.50,6200,6660,461,Truck,2,406.32,20.40,23.19,22.09,34.27,1.66,16.35,0
305,4.45,1.92,6216,6559,344,Car,2,406.84,28.16,30.43,29.66,43.35,1.52,20.38,0
306,4.55,2.12,6226,6563,338,Car,1,406.47,28.51,33.67,30.16,45.69,1.60,12.76,0
307,4.65,1.92,6238,6581,344,Car,2,406.75,29.03,30.98,29.66,21.57,0.74,8.34,0
308,4.35,1.92,6239,6611,373,Car,2,407.48,26.08,29.45,27.39,5.23,0.20,6.93,1
309,4.75,2.12,6267,6604,338,Car,1,395.91,24.04,32.20,29.38,27.23,1.07,6.52,1
310,4.65,2.02,6271,6642,372,Car,2,406.13,25.75,30.52,27.38,14.21,0.53,5.55,0
311,4.75,2.02,6288,6615,328,Car,1,406.23,28.88,33.06,31.07,11.79,0.40,8.24,0
312,4.35,1.92,6294,6718,425,Car,1,405.40,22.83,24.71,23.92,86.65,3.61,47.44,0
313,4.65,1.82,6309,6639,331,Car,1,405.76,28.48,33.68,30.75,21.10,0.67,33.43,0
314,4.14,1.92,6316,6705,390,Car,1,406.56,23.93,28.54,26.13,11.15,0.40,3.14,1
315,4.24,2.12,6322,6689,368,Car,2,406.89,26.64,29.65,27.73,47.09,1.71,30.01,0
316,4.95,2.22,6345,6658,314,Car,1,404.08,28.19,36.84,32.29,14.97,0.51,6.90,0
317,4.55,1.92,6353,6722,370,Car,2,407.15,26.09,30.68,27.60,25.92,0.96,23.21,0
318,4.75,1.92,6367,6680,314,Car,1,403.62,28.77,37.61,32.25,20.95,0.69,20.55,0
319,3.94,1.82,6390,6748,359,Car,2,399.92,26.70,32.47,27.93,29.78,1.10,13.13,0
320,4.60,1.82,6413,6775,363,Car,2,405.10,26.60,32.25,27.98,19.33,0.71,15.24,0
321,4.95,1.92,6429,6801,373,Car,2,406.30,24.91,30.72,27.32,15.59,0.50,16.45,0
322,4.55,2.12,6435,6736,302,Car,1,406.06,29.75,37.39,33.74,32.91,1.09,7.87,0
323,4.35,1.82,6453,6829,377,Car,2,406.67,24.07,31.28,27.05,16.62,0.65,8.37,0
324,14.86,2.50,6471,6895,425,Truck,1,401.61,23.60,23.81,23.69,132.57,5.57,164.11,0
325,4.04,1.82,6472,6852,381,Car,2,407.27,22.59,32.44,26.81,14.85,0.56,11.33,0
326,4.14,2.02,6497,6883,387,Car,2,397.79,22.11,31.50,25.77,14.05,0.60,5.32,1
327,11.32,2.50,6520,6931,412,Truck,2,404.51,24.23,25.05,24.61,27.75,1.11,67.87,0
328,4.95,1.92,6534,6931,398,Car,2,406.81,22.71,30.58,25.63,24.53,1.05,7.20,0
329,4.45,2.02,6550,6959,410,Car,2,406.85,21.23,32.64,24.90,10.35,0.36,6.58,0
330,9.70,2.50,6554,6991,438,Truck,1,404.37,22.80,23.39,23.13,71.35,3.13,-1.00,0
331,4.24,1.82,6569,6970,402,Car,2,399.48,21.35,32.23,24.91,10.15,0.47,6.08,0
332,4.14,1.72,6598,7011,414,Car,2,406.65,20.72,31.84,24.63,22.31,0.99,8.88,0
333,8.29,2.50,6605,7052,448,Truck,1,402.13,22.22,23.38,22.50,37.24,1.67,-1.00,0
334,3.74,1.72,6670,7081,412,Car,2,406.57,21.54,32.56,24.73,6.76,0.29,8.09,0
335,4.75,2.12,6677,7045,369,Car,2,344.88,21.80,30.01,23.43,16.08,0.73,11.29,0
336,4.85,2.02,6704,7069,366,Car,2,343.74,21.23,30.06,23.56,16.81,0.73,9.28,0
337,18.49,2.50,6716,7147,432,Truck,2,406.10,23.15,24.03,23.56,173.28,7.48,-1.00,0
338,4.45,2.02,6741,7032,292,Car,1,404.84,34.70,34.92,34.80,-1.00,-1.00,-1.00,0
339,4.95,2.02,6743,7106,364,Car,2,340.88,20.52,30.44,23.51,18.32,0.65,9.88,0
340,16.67,2.50,6769,7209,441,Truck,1,403.07,22.76,23.09,22.91,125.27,5.45,201.68,0
341,11.93,2.50,6783,7219,437,Truck,2,404.93,22.59,24.24,23.24,50.66,2.18,-1.00,0
342,4.24,1.82,6803,7248,446,Car,1,405.68,22.52,23.10,22.80,29.91,1.31,281.90,0
343,12.03,2.50,6851,7273,423,Truck,1,387.57,22.69,23.34,22.97,26.35,1.14,35.79,0
344,11.82,2.50,6860,7271,412,Truck,2,389.63,23.31,23.96,23.71,52.27,2.19,86.76,0
345,4.95,2.12,6899,7215,317,Car,1,404.93,31.74,32.23,32.05,215.27,6.68,-1.00,0
346,18.29,2.50,6902,7342,441,Truck,2,406.48,21.81,23.89,23.10,20.71,0.95,-1.00,0
347,4.24,1.82,6924,7256,333,Car,2,405.85,28.23,31.68,30.58,185.01,5.91,27.59,0
348,4.35,1.92,6936,7246,311,Car,1,405.48,32.51,32.94,32.72,36.08,1.10,37.38,0
349,11.72,2.50,6940,7394,455,Truck,1,402.90,21.80,22.41,22.19,71.11,3.19,-1.00,0
350,4.65,1.92,6945,7278,334,Car,2,407.76,28.21,33.08,30.63,19.93,0.70,20.24,0
351,4.04,1.92,6961,7274,314,Car,1,405.63,32.02,32.79,32.42,29.09,0.89,152.86,0
352,4.65,1.92,6963,7303,341,Car,2,407.95,28.13,33.11,30.01,16.25,0.57,5.78,1
353,4.85,2.02,6984,7297,314,Car,1,406.21,32.30,32.71,32.46,24.24,0.74,72.64,0
354,17.38,2.50,7068,7516,449,Truck,1,402.02,22.37,22.66,22.44,92.31,4.10,116.10,0
355,4.85,2.02,7074,7377,304,Car,1,405.24,33.03,33.87,33.45,100.72,3.04,78.40,0
356,18.60,2.50,7147,7593,447,Truck,1,403.29,22.14,22.86,22.61,50.61,2.22,148.54,0
357,10.31,2.50,7196,7647,452,Truck,1,402.81,22.18,22.43,22.33,33.72,1.52,-1.00,0
358,4.50,1.92,7209,7560,352,Car,1,406.06,28.70,29.13,28.93,179.08,6.14,-1.00,0
359,4.45,1.92,7216,7465,250,Car,2,406.32,40.31,41.07,40.81,260.87,6.40,31.39,0
360,16.88,2.50,7217,7655,439,Truck,2,406.66,22.69,23.83,23.22,271.25,11.90,-1.00,0
361,4.45,1.92,7237,7589,353,Car,1,406.00,28.43,29.18,28.85,27.26,0.96,65.77,0
362,4.45,2.02,7301,7597,297,Car,2,400.72,33.58,34.15,33.86,134.99,4.01,-1.00,0
363,18.90,2.50,7309,7721,413,Truck,1,379.89,22.94,23.15,23.06,71.36,3.11,83.44,0
364,4.24,1.82,7327,7680,354,Car,1,396.39,27.10,28.48,28.08,95.73,3.53,-1.00,0
365,4.65,1.92,7359,7701,343,Car,1,405.53,27.44,33.70,29.65,12.20,0.43,4.60,0
366,10.61,2.73,7395,7819,425,Car,1,403.54,23.60,24.26,23.81,59.01,2.49,60.00,0
367,4.85,2.02,7396,7732,337,Car,1,402.33,27.69,34.05,29.94,30.24,1.07,14.37,0
368,5.46,2.32,7411,7748,338,Car,2,406.25,29.40,30.99,30.15,104.73,3.56,18.09,0
369,4.14,1.92,7436,7860,425,Car,1,404.39,23.48,24.50,23.86,34.51,1.45,55.81,0
370,4.85,2.02,7482,7724,243,Car,2,405.98,41.37,42.14,41.96,202.74,4.82,23.84,0
371,4.95,2.12,7491,7735,245,Car,2,406.29,41.26,42.41,41.65,9.39,0.22,10.21,0
372,5.46,2.22,7495,7790,296,Car,2,407.46,33.03,35.32,34.55,50.14,1.49,12.26,0
373,5.05,2.02,7536,7767,232,Car,2,407.10,42.56,44.51,44.09,50.87,1.15,17.05,0
374,4.55,1.82,7568,7802,235,Car,2,406.18,40.08,44.90,43.42,49.11,1.22,92.84,0
375,12.13,2.50,7648,8067,420,Truck,2,405.68,23.52,24.52,24.21,201.93,8.58,-1.00,0
376,14.25,2.50,7717,8145,429,Truck,1,400.78,22.60,24.63,23.42,26.75,1.16,247.32,0
377,4.35,1.92,7718,8120,403,Car,2,407.42,25.00,26.31,25.34,48.79,1.94,25.82,0
378,3.94,1.92,7766,8073,308,Car,1,401.82,31.72,33.72,32.74,-1.00,-1.00,-1.00,1
379,5.86,2.22,7779,8166,388,Car,2,406.76,25.70,26.42,26.28,42.51,1.61,33.18,0
380,3.54,1.72,7804,8100,297,Car,2,405.50,33.76,34.44,34.26,-1.00,-1.00,-1.00,0
381,5.56,2.22,7807,8121,315,Car,1,405.21,31.91,33.13,32.31,52.40,1.58,138.08,0
382,4.95,2.22,7832,8144,313,Car,1,403.55,31.85,33.10,32.35,25.41,0.77,25.31,0
383,4.45,2.12,7863,8170,308,Car,1,402.83,32.54,33.35,32.82,28.54,0.86,25.55,0
384,4.95,2.02,7872,8182,311,Car,1,404.89,32.04,33.85,32.67,6.77,0.20,10.58,0
385,16.67,2.50,7877,8309,433,Truck,1,403.65,23.19,23.57,23.37,133.47,5.71,181.27,0
386,4.65,2.02,7878,8134,257,Car,2,404.42,37.61,41.03,39.52,46.94,1.23,11.72,0
387,4.95,2.12,7891,8199,309,Car,1,402.49,31.30,34.68,32.68,14.71,0.45,15.95,0
388,4.24,1.82,7944,8237,294,Car,1,402.88,32.57,35.02,34.39,44.83,1.34,15.86,0
389,12.13,2.50,7966,8384,419,Truck,1,389.27,23.11,23.40,23.29,71.50,3.08,657.79,0
390,4.65,1.82,8000,8305,306,Car,1,402.73,32.02,33.74,33.03,73.61,2.22,-1.00,0
391,4.55,2.02,8016,8304,289,Car,2,406.76,34.92,35.58,35.32,191.10,5.41,21.07,1
392,11.82,2.50,8021,8447,427,Truck,1,404.97,23.21,24.09,23.78,31.34,1.34,47.51,0
393,11.62,2.50,8033,8452,420,Truck,2,404.30,23.69,24.36,24.13,16.76,0.69,-1.00,0
394,5.15,2.32,8047,8359,313,Car,1,405.92,32.21,32.83,32.54,58.07,1.79,177.61,0
395,4.75,2.02,8062,8356,295,Car,2,404.58,33.89,34.92,34.43,57.55,1.66,-1.00,1
396,16.57,2.50,8083,8500,418,Truck,2,404.28,23.69,24.85,24.24,30.05,1.22,118.85,0
397,4.85,2.02,8090,8370,281,Car,2,406.71,34.85,39.49,36.34,34.96,1.00,53.32,0
398,4.35,1.92,8096,8411,316,Car,1,408.40,31.14,33.72,32.42,60.55,1.85,43.91,0
399,4.75,1.92,8120,8394,275,Car,2,405.15,35.76,38.94,36.99,30.76,0.81,32.88,0
400,4.14,1.82,8127,8439,313,Car,1,405.23,31.13,34.82,32.49,24.00,0.75,13.43,0
401,16.67,2.50,8149,8557,409,Truck,1,384.05,22.99,23.93,23.54,105.54,4.41,303.69,0
402,4.45,1.92,8165,8451,287,Car,2,407.05,35.12,35.95,35.60,61.94,1.76,-1.00,0
403,4.24,1.82,8193,8508,316,Car,1,404.57,31.72,32.41,32.13,82.48,2.57,70.02,0
404,8.19,2.50,8224,8663,440,Truck,1,403.21,22.25,23.30,22.97,63.28,2.71,-1.00,0
405,10.31,2.32,8228,8517,290,Car,2,407.64,32.03,37.30,35.28,79.01,2.37,72.71,0
406,4.85,2.02,8242,8557,316,Car,1,407.17,32.05,32.60,32.33,57.48,1.77,67.84,0
407,16.78,2.50,8246,8667,422,Truck,2,404.55,23.45,24.62,24.03,139.84,5.93,-1.00,0
408,4.65,1.82,8248,8546,299,Car,2,405.99,30.83,36.61,34.08,19.52,0.63,-1.00,0
409,9.80,2.50,8261,8685,425,Truck,1,392.11,22.60,23.63,23.13,23.22,0.99,20.77,0
410,5.26,2.12,8271,8589,319,Car,2,406.97,30.03,33.89,32.01,23.96,0.79,-1.00,0
411,5.05,2.43,8272,8694,423,Car,2,406.97,23.77,24.75,24.12,17.42,0.72,22.57,0
412,3.74,1.92,8284,8605,322,Car,1,408.25,30.78,33.88,31.81,51.54,1.67,71.18,0
413,4.45,2.02,8301,8622,322,Car,2,404.65,29.62,32.76,31.54,30.30,1.02,-1.00,0
414,4.14,1.92,8301,8626,326,Car,1,406.05,30.64,32.21,31.25,14.90,0.48,35.98,0
415,18.39,2.50,8319,8737,419,Truck,1,382.54,22.49,23.52,22.88,30.18,1.30,35.38,0
416,3.74,1.72,8342,8675,334,Car,1,408.12,30.11,31.18,30.66,48.40,1.60,-1.00,0
417,10.41,2.63,8352,8791,440,Car,1,407.07,22.12,24.14,23.19,14.54,0.64,16.86,0
418,4.75,2.02,8356,8648,293,Car,2,402.34,34.03,34.92,34.46,37.74,1.09,15.94,0
419,4.65,1.92,8358,8689,332,Car,1,405.43,29.95,31.41,30.64,12.74,0.42,78.24,0
420,5.05,2.02,8377,8674,298,Car,2,407.78,33.48,35.26,34.34,20.67,0.60,35.24,0
421,4.75,1.92,8379,8712,334,Car,1,407.43,29.81,31.45,30.60,21.45,0.71,53.48,0
422,4.95,2.12,8402,8715,314,Car,2,408.85,30.99,34.20,32.68,34.93,1.11,15.46,1
423,4.45,1.92,8403,8742,340,Car,1,406.14,29.55,30.39,29.97,23.51,0.77,166.32,0
424,4.85,1.92,8412,8844,433,Car,1,407.22,22.55,24.31,23.57,42.97,1.88,41.28,0
425,4.04,1.82,8425,8757,333,Car,1,400.07,29.55,30.79,30.14,20.58,0.67,26.06,0
426,6.37,2.83,8464,8796,333,Car,1,405.83,29.50,30.79,30.55,34.29,1.11,31.41,0
427,4.85,2.02,8490,8737,248,Car,2,334.16,32.66,36.73,33.83,21.69,0.65,7.02,0
428,4.75,2.02,8491,8782,292,Car,2,408.66,33.93,37.31,35.13,55.84,1.64,30.30,0
429,4.55,2.12,8510,8883,374,Car,1,406.18,24.80,29.47,27.23,34.86,1.39,13.59,1
430,4.85,2.02,8537,8867,331,Car,1,406.19,29.67,32.01,30.79,26.45,0.89,66.62,0
431,16.83,2.50,8542,8959,418,Truck,1,403.72,24.11,24.93,24.23,21.43,0.86,130.94,0
432,9.50,2.50,8570,8992,423,Truck,2,405.33,23.51,24.39,24.02,279.45,11.69,-1.00,0
433,3.84,1.82,8584,8914,331,Car,2,408.78,28.25,33.68,30.98,132.28,4.68,-1.00,0
434,16.57,2.50,8612,9034,423,Truck,1,403.93,23.61,24.08,23.94,50.61,2.11,-1.00,0
435,4.85,1.92,8641,8991,351,Car,1,406.49,28.79,29.21,29.05,121.73,4.22,-1.00,0
436,16.57,2.50,8663,9089,427,Truck,1,405.71,23.32,24.51,23.82,32.57,1.34,58.42,0
437,4.45,2.02,8666,9016,351,Car,1,407.41,28.54,29.56,29.11,22.42,0.77,34.46,0
438,4.75,2.12,8684,9032,349,Car,1,406.76,28.63,30.18,29.23,13.64,0.47,18.30,0
439,4.85,1.92,8707,9055,349,Car,1,407.80,28.59,30.33,29.31,17.99,0.62,18.53,0
440,7.48,2.73,8712,9107,396,Car,2,407.55,25.26,26.01,25.81,110.55,4.25,63.12,0
441,4.55,1.92,8729,8993,265,Car,2,408.32,37.96,39.07,38.69,117.39,3.02,21.54,0
442,4.04,1.92,8768,9107,340,Car,1,405.24,28.51,30.74,29.90,55.37,1.89,29.90,0
443,4.24,1.92,8801,9188,388,Car,1,406.93,24.99,27.28,26.30,95.66,3.75,31.20,0
444,4.65,1.92,8803,9135,333,Car,1,406.07,29.20,31.37,30.59,28.96,0.98,20.97,0
445,3.44,1.82,8807,9166,360,Car,2,408.07,28.08,28.87,28.43,64.03,2.22,22.87,0
446,3.54,1.82,8830,9155,326,Car,1,400.47,29.55,31.79,30.82,26.21,0.88,46.36,0
447,4.04,1.82,8873,9187,315,Car,2,401.37,31.13,33.52,31.97,34.09,1.03,8.19,1
448,4.35,1.82,8889,9145,257,Car,2,407.25,39.28,39.94,39.79,238.86,5.99,300.32,0
449,4.65,1.92,8889,9245,357,Car,1,405.36,25.85,29.96,28.47,55.62,2.08,20.98,0
450,4.65,2.02,8890,9186,297,Car,1,405.31,33.01,36.00,34.24,29.38,0.87,7.30,0
451,4.85,2.22,8918,9295,378,Car,1,406.52,26.75,27.17,26.97,30.69,1.14,50.75,0
452,16.37,2.50,8953,9368,416,Truck,2,406.41,24.04,25.25,24.49,81.84,3.40,-1.00,0
453,4.45,1.92,9027,9306,280,Car,1,399.65,33.21,37.05,35.82,168.89,4.69,54.20,0
454,6.06,2.63,9052,9399,348,Car,1,405.89,28.41,30.27,29.25,112.70,3.96,43.03,0
455,3.64,1.82,9055,9376,322,Car,2,401.59,30.38,31.84,31.28,21.27,0.67,3.09,1
456,4.65,2.02,9100,9428,329,Car,2,408.06,29.08,32.03,31.11,47.17,1.48,12.95,1
457,16.78,2.50,9122,9538,417,Truck,2,406.32,24.03,25.14,24.42,30.93,1.26,-1.00,0
458,3.74,1.82,9128,9399,272,Car,1,392.78,35.16,36.66,36.21,123.03,3.37,37.86,0
459,4.65,1.92,9141,9453,313,Car,1,407.33,32.14,33.02,32.65,64.24,1.99,17.46,0
460,4.85,2.02,9192,9461,270,Car,2,408.76,36.94,38.88,38.01,110.89,3.00,18.29,0
461,4.24,2.02,9228,9478,251,Car,2,405.08,39.39,42.47,40.52,23.22,0.59,8.85,0
462,4.35,2.12,9261,9505,245,Car,1,405.59,41.41,41.68,41.59,171.67,4.12,31.00,0
463,4.85,1.92,9272,9579,308,Car,2,400.73,31.02,33.78,32.65,58.22,1.72,6.78,0
464,4.24,2.02,9341,9647,307,Car,1,405.80,32.99,33.34,33.17,253.14,7.61,220.04,0
465,4.65,1.92,9383,9633,251,Car,2,407.65,39.81,41.19,40.79,249.43,6.08,151.67,0
466,4.75,1.92,9408,9664,257,Car,2,407.82,38.58,40.47,39.84,34.48,0.87,-1.00,0
467,3.54,1.82,9413,9721,309,Car,2,407.38,32.88,33.74,33.09,174.46,5.30,725.84,0
468,4.24,2.02,9444,9668,225,Car,1,396.06,42.66,45.11,44.22,50.09,1.11,4.26,2
469,4.04,1.92,9459,9788,330,Car,1,404.20,30.60,31.16,30.74,21.44,0.69,-1.00,0
470,4.75,1.92,9474,9703,230,Car,2,399.76,42.80,44.09,43.67,72.61,1.65,13.34,0
471,4.45,2.02,9474,9720,247,Car,1,399.18,39.94,41.57,40.60,73.28,1.80,15.76,1
472,4.55,2.02,9479,9781,303,Car,1,406.41,31.07,36.35,33.65,14.88,0.44,4.43,1
473,4.14,1.82,9492,9746,255,Car,1,407.22,39.10,40.98,40.11,23.78,0.61,-1.00,0
474,4.35,1.82,9533,9812,280,Car,1,406.22,35.89,37.62,36.43,40.38,1.12,18.99,0
475,4.24,1.92,9592,9918,327,Car,1,406.61,30.81,31.68,31.19,84.52,2.67,166.61,1
476,10.11,2.43,9607,10009,403,Car,2,407.61,24.85,25.72,25.35,245.27,9.81,-1.00,0
477,4.95,1.92,9608,9902,295,Car,1,406.01,32.70,35.80,34.54,12.47,0.37,6.79,0
478,15.97,2.50,9625,10036,412,Truck,1,383.26,23.18,23.41,23.32,29.23,1.24,-1.00,0
479,4.45,1.92,9643,9943,301,Car,1,405.85,32.54,34.37,33.83,41.15,1.26,-1.00,0
480,5.36,2.43,9645,10078,434,Car,1,404.52,23.15,23.55,23.36,14.28,0.61,57.80,0
481,4.95,2.02,9663,9963,301,Car,1,406.67,32.72,34.43,33.91,20.95,0.61,44.88,0
482,4.24,1.92,9684,10093,410,Car,1,400.32,23.52,28.57,24.48,13.55,0.52,10.64,1
483,4.70,1.92,9691,9998,308,Car,1,402.12,32.21,32.99,32.76,28.30,0.88,-1.00,0
484,3.94,1.92,9705,10070,366,Car,1,398.46,23.77,31.09,27.30,7.91,0.29,2.40,1
485,4.35,2.02,9721,10046,326,Car,1,407.54,30.13,33.95,31.36,38.70,1.28,155.51,0
486,16.88,2.50,9751,10179,429,Truck,2,406.44,23.39,24.01,23.74,125.74,5.37,-1.00,0
487,5.96,2.43,9763,10147,385,Car,1,406.34,25.51,28.27,26.46,38.97,1.51,12.56,1
488,4.85,1.92,9785,10130,346,Car,1,405.91,28.13,30.24,29.42,30.00,1.05,10.63,0
489,4.24,1.92,9825,10170,346,Car,1,406.87,28.86,30.08,29.50,43.89,1.48,30.47,0
490,4.85,2.12,9852,10255,404,Car,1,405.90,24.52,26.33,25.19,92.60,3.62,-1.00,0
491,19.20,2.50,9869,10298,430,Truck,2,406.39,23.40,23.90,23.68,91.52,3.86,-1.00,0
492,4.75,2.12,9882,10195,314,Car,1,397.51,29.48,35.50,31.75,31.17,1.04,10.80,0
493,3.54,1.82,9895,10299,405,Car,1,406.41,24.06,26.47,25.16,37.53,1.49,46.55,0
494,4.75,1.92,9905,10215,311,Car,1,406.71,31.12,35.93,32.81,13.52,0.43,7.25,0
495,7.48,2.50,9937,10328,392,Truck,2,404.12,24.21,26.48,25.85,24.08,0.97,12.59,0
496,4.65,1.92,9940,10246,307,Car,1,405.06,30.08,36.50,33.11,32.73,1.02,18.66,0
497,3.64,1.82,9941,10283,343,Car,1,406.16,28.76,30.51,29.70,13.27,0.44,3.67,1
498,4.45,2.02,9960,10259,300,Car,1,404.62,30.04,37.11,33.85,10.36,0.34,7.17,0
499,4.65,2.02,9966,10304,339,Car,1,405.88,29.41,30.55,30.04,18.44,0.60,12.22,1
500,18.95,2.50,10037,10405,369,Truck,2,359.01,23.82,24.68,24.40,61.54,2.58,348.22,0
501,4.85,1.92,10058,10459,402,Car,2,407.39,24.43,26.76,25.41,25.12,1.02,13.33,0
502,4.04,1.92,10063,10369,307,Car,2,407.81,31.23,34.58,33.34,-1.00,-1.00,-1.00,0
503,4.65,1.92,10089,10391,303,Car,2,406.94,29.70,35.29,33.71,26.48,0.76,21.48,0
504,4.04,1.82,10115,10430,316,Car,2,407.59,28.66,36.10,32.37,28.07,0.98,256.41,0
505,18.80,2.50,10127,10546,420,Truck,2,406.79,23.20,24.52,24.30,55.21,2.38,1716.94,0
506,6.47,2.43,10136,10466,331,Car,2,406.93,29.06,32.34,30.84,16.90,0.58,-1.00,0
507,8.89,2.02,10162,10572,411,Car,2,408.25,24.52,25.31,24.90,15.44,0.62,21.41,0
508,4.65,1.92,10171,10507,337,Car,2,407.54,28.68,31.32,30.34,36.30,1.26,-1.00,0
509,3.84,1.92,10195,10525,331,Car,2,406.55,28.99,31.89,30.82,19.68,0.62,29.84,0
510,4.95,2.02,10220,10550,331,Car,2,408.35,28.68,32.52,30.95,24.58,0.81,23.17,0
511,5.26,2.12,10247,10571,325,Car,2,406.54,28.05,34.15,31.39,23.94,0.70,12.11,0
512,4.45,1.82,10273,10617,345,Car,2,406.41,26.64,31.96,29.55,25.07,0.94,-1.00,0
513,8.08,2.50,10295,10703,409,Truck,2,405.82,24.42,25.17,24.87,120.88,4.94,264.98,0
514,4.24,1.92,10301,10657,357,Car,2,408.58,26.65,31.60,28.70,26.47,0.99,-1.00,0
515,4.95,1.92,10318,10677,360,Car,2,407.98,26.85,30.96,28.42,12.84,0.46,76.40,0
516,4.45,1.82,10345,10708,364,Car,2,408.02,25.98,29.50,28.10,24.56,0.93,72.22,0
517,4.45,1.92,10362,10724,363,Car,2,406.27,26.24,30.16,28.07,11.70,0.44,42.10,0
518,4.85,2.02,10395,10758,364,Car,2,407.54,26.66,30.42,28.08,29.60,1.09,29.21,0
519,4.75,1.92,10398,10682,285,Car,1,406.35,35.15,36.53,35.79,-1.00,-1.00,-1.00,0
520,4.85,2.12,10424,10722,299,Car,1,404.00,31.18,35.89,33.90,30.65,0.85,-1.00,0
521,4.55,1.92,10431,10676,246,Car,1,403.72,39.75,41.66,41.22,-1.00,-1.00,-1.00,0
522,4.45,1.92,10449,10784,336,Car,2,406.14,29.15,33.28,30.32,25.31,0.86,7.83,0
523,4.35,1.92,10451,10835,385,Car,1,406.26,26.16,27.30,26.46,36.52,1.39,-1.00,0
524,3.64,1.82,10480,10746,267,Car,1,405.81,37.56,38.86,38.16,77.32,2.06,-1.00,0
525,5.15,2.12,10480,10862,383,Car,1,405.71,26.45,26.65,26.56,21.80,0.82,50.33,0
526,4.75,2.02,10495,10811,317,Car,2,405.31,28.08,40.39,32.08,20.25,0.68,5.14,0
527,5.05,2.22,10502,10759,258,Car,1,405.85,38.29,39.87,39.50,15.17,0.38,13.03,0
528,4.65,2.02,10559,10896,338,Car,1,404.03,27.55,32.69,29.99,33.15,1.19,11.88,0
529,4.55,2.02,10571,10857,287,Car,1,406.95,35.38,35.71,35.60,103.41,2.92,-1.00,0
530,4.55,2.02,10616,10927,312,Car,1,405.58,32.39,32.84,32.62,35.60,1.10,7.34,1
531,4.85,2.02,10636,10949,314,Car,1,404.93,32.01,32.79,32.36,21.06,0.64,1437.25,1
532,15.46,2.50,10645,11101,457,Truck,1,402.90,21.97,22.23,22.10,16.44,0.74,-1.00,0
533,16.88,2.50,10655,11031,377,Truck,2,372.86,24.33,25.21,24.81,50.64,2.04,-1.00,0
534,4.55,2.02,10658,10932,275,Car,1,404.82,34.03,39.25,36.96,20.11,0.58,9.78,0
535,4.75,2.02,10662,10941,280,Car,2,398.35,35.39,35.96,35.72,188.43,5.26,25.53,1
536,4.45,2.22,10681,10969,289,Car,1,403.16,33.02,37.11,35.03,25.04,0.76,-1.00,0
537,16.67,2.50,10691,11128,438,Truck,1,384.14,21.86,22.28,21.98,24.10,1.08,179.45,0
538,7.58,1.92,10699,11103,405,Car,2,409.12,24.48,26.18,25.34,66.17,2.57,119.12,0
539,4.45,1.92,10706,11020,315,Car,1,405.17,31.69,32.93,32.27,29.77,0.93,-1.00,1
540,16.78,2.50,10725,11185,461,Truck,1,402.02,21.37,22.88,21.86,11.15,0.50,19.07,0
541,5.05,2.02,10740,11040,301,Car,1,406.09,32.89,36.40,33.86,36.74,1.10,28.65,0
542,5.96,2.43,10764,11222,459,Car,1,403.70,21.81,22.45,22.04,24.99,1.13,40.19,0
543,4.45,2.02,10771,11076,306,Car,2,406.56,32.07,34.62,33.35,151.65,4.73,-1.00,0
544,3.74,1.82,10803,11108,306,Car,1,405.91,32.98,33.62,33.28,76.55,2.29,146.97,0
545,4.95,2.12,10856,11159,304,Car,1,406.51,32.93,33.92,33.57,64.14,1.90,75.77,0
546,3.84,1.82,10890,11205,316,Car,1,406.47,32.00,32.81,32.28,40.25,1.24,-1.00,0
547,4.04,1.82,10897,11269,373,Car,1,405.91,25.25,30.30,27.29,13.00,0.48,19.52,1
548,10.11,2.50,10897,11321,425,Truck,2,405.80,23.07,24.39,23.93,31.65,1.32,-1.00,0
549,4.04,1.82,10915,11229,315,Car,1,406.06,31.36,33.80,32.35,28.35,0.86,44.55,0
550,3.84,1.82,10929,11201,273,Car,2,405.77,36.78,38.21,37.32,141.13,3.83,13.25,1
551,3.54,1.77,10943,11195,253,Car,2,400.51,38.66,40.45,39.75,11.70,0.29,4.53,0
552,4.75,2.02,10944,11298,355,Car,1,406.02,27.07,30.21,28.69,18.47,0.65,8.01,0
553,5.05,2.22,10953,11322,370,Car,1,405.15,27.30,27.82,27.46,44.59,1.62,18.64,0
554,4.75,2.02,10973,11323,351,Car,1,405.30,27.23,29.78,28.96,22.11,0.79,13.28,0
555,4.85,1.92,10980,11337,358,Car,2,399.48,26.13,31.12,27.98,34.64,1.15,6.11,1
556,4.55,2.02,10989,11343,355,Car,1,404.42,26.11,30.10,28.57,14.08,0.49,13.50,0
557,4.85,1.92,11103,11390,288,Car,1,396.05,31.23,35.60,34.51,62.00,1.88,9.00,1
558,5.46,2.37,11179,11519,341,Car,2,405.86,28.87,30.79,29.86,204.39,6.95,42.67,0
559,4.65,1.92,11218,11431,214,Car,2,405.58,45.72,48.53,47.64,163.84,3.42,9.74,0
560,4.14,1.72,11230,11574,345,Car,2,407.69,29.02,30.02,29.64,56.47,1.94,-1.00,0
561,3.94,1.82,11256,11542,287,Car,1,403.03,33.80,36.59,35.25,211.37,6.21,43.25,0
562,4.35,2.22,11258,11527,270,Car,1,403.24,35.83,39.27,37.50,188.92,5.03,25.04,0
563,4.85,1.92,11276,11610,335,Car,2,406.38,30.20,30.83,30.43,39.39,1.29,38.27,0
564,4.65,2.02,11300,11514,215,Car,2,404.95,46.66,48.28,47.34,151.47,3.17,155.01,0
565,4.75,1.92,11347,11634,288,Car,2,398.19,33.99,35.52,34.71,19.95,0.56,8.38,1
566,4.95,1.92,11359,11621,263,Car,2,405.71,37.58,39.40,38.73,109.40,2.91,-1.00,0
567,5.05,2.02,11401,11672,272,Car,2,407.15,37.11,37.89,37.58,44.84,1.18,18.44,0
568,4.75,1.92,11434,11705,272,Car,2,405.70,37.08,38.31,37.44,41.68,1.10,41.16,0
569,4.24,1.82,11518,11810,293,Car,2,405.57,34.59,34.90,34.74,232.71,6.70,306.59,0
570,13.04,2.50,11548,11964,417,Truck,1,400.03,23.98,24.20,24.05,35.05,1.45,-1.00,0
571,4.45,1.92,11610,11882,273,Car,1,395.19,36.03,36.88,36.35,-1.00,-1.00,-1.00,1
572,16.78,2.50,11704,12124,421,Truck,2,381.88,22.10,23.13,22.74,41.64,1.82,-1.00,0
573,8.19,2.50,11706,12155,450,Truck,2,404.61,22.28,22.93,22.53,16.45,0.73,22.94,0
574,4.95,1.87,11733,12000,268,Car,2,398.88,35.99,37.98,37.38,-1.00,-1.00,-1.00,1
575,5.05,2.02,11747,11961,215,Car,1,401.60,46.37,47.28,46.94,155.62,3.30,14.70,0
576,4.65,1.92,11760,12029,270,Car,2,407.95,34.42,41.29,37.94,34.29,0.99,52.19,0
577,4.75,2.12,11761,11976,216,Car,1,402.86,46.55,47.47,46.89,23.11,0.48,51.27,0
578,10.21,2.50,11781,12218,438,Truck,1,401.92,22.87,23.09,23.00,35.39,1.53,-1.00,0
579,4.35,1.82,11805,12090,286,Car,2,400.88,34.85,35.67,35.18,59.00,1.68,-1.00,0
580,4.75,2.12,11813,12105,293,Car,1,403.69,32.83,35.22,34.58,92.71,2.63,-1.00,1
581,18.19,2.50,11848,12280,433,Truck,2,405.82,22.95,23.99,23.49,99.80,4.22,80.40,0
582,16.78,2.50,11949,12353,405,Truck,2,379.14,22.78,23.88,23.47,49.23,2.13,-1.00,0
583,5.56,2.43,11955,12312,358,Car,2,406.57,27.64,29.18,28.48,203.41,7.36,-1.00,0
584,3.84,1.82,12057,12421,365,Car,1,402.92,27.39,28.17,27.68,218.89,7.90,45.90,0
585,3.64,1.72,12069,12438,370,Car,1,404.53,27.02,28.01,27.42,11.93,0.42,-1.00,0
586,4.14,2.02,12088,12367,280,Car,1,403.01,34.73,36.78,36.14,-1.00,-1.00,-1.00,0
587,5.05,1.92,12122,12372,251,Car,2,404.98,38.25,41.97,40.52,88.38,2.22,8.34,0
588,6.77,2.53,12128,12457,330,Truck,2,396.52,29.08,30.83,30.18,129.68,4.21,18.46,0
589,5.26,1.92,12162,12504,343,Car,2,408.08,28.49,30.46,29.84,33.45,1.10,59.93,0
590,4.75,2.22,12261,12586,326,Car,1,403.65,28.83,33.28,31.06,243.91,7.33,-1.00,0
591,4.85,2.02,12300,12605,306,Car,1,405.00,28.72,36.06,33.21,17.40,0.59,7.95,0
592,16.67,2.50,12300,12738,439,Truck,2,405.39,22.47,23.57,23.14,148.13,6.59,-1.00,0
593,5.05,2.02,12301,12544,244,Car,2,404.44,40.88,42.02,41.62,281.95,6.81,90.12,0
594,4.65,2.12,12301,12627,327,Car,1,403.25,27.21,34.07,30.94,216.68,6.77,35.98,0
595,4.75,2.02,12324,12629,306,Car,1,404.46,29.93,36.15,33.17,23.79,0.78,15.64,0
596,4.45,1.92,12395,12706,312,Car,1,402.78,32.21,32.55,32.39,97.69,3.02,19.30,0
597,4.45,1.82,12414,12694,281,Car,2,397.72,34.83,35.76,35.52,183.72,5.27,-1.00,0
598,4.85,2.02,12428,12716,289,Car,2,407.00,34.15,37.56,35.35,15.62,0.45,13.48,0
599,12.53,2.50,12439,12885,447,Truck,2,405.34,22.34,23.08,22.73,115.39,5.16,-1.00,0
600,4.65,1.92,12441,12768,328,Car,1,404.17,30.04,32.04,30.92,56.93,1.78,-1.00,1
601,4.85,2.02,12466,12767,302,Car,1,403.25,32.51,34.09,33.50,181.75,5.42,51.02,0
602,15.97,2.50,12487,12896,410,Truck,1,402.53,24.46,24.81,24.62,40.33,1.62,-1.00,0
603,4.35,2.02,12493,12791,299,Car,1,403.71,32.96,34.63,33.88,25.95,0.77,20.29,0
604,4.95,1.92,12496,12794,299,Car,2,406.82,32.93,35.70,34.16,88.59,2.69,-1.00,0
605,18.75,2.50,12511,12965,455,Truck,2,406.27,21.81,22.79,22.38,46.50,2.13,-1.00,0
606,16.07,2.50,12524,12936,413,Truck,1,402.47,24.25,24.61,24.43,20.83,0.85,169.43,0
607,4.24,1.82,12527,12834,308,Car,2,406.68,32.22,34.22,33.14,36.03,1.11,-1.00,0
608,6.87,2.63,12543,12852,310,Car,1,394.09,31.68,32.06,31.89,61.43,1.91,-1.00,0
609,10.21,2.50,12546,13001,456,Truck,2,404.31,21.93,22.98,22.23,18.71,0.84,267.82,0
610,4.65,1.82,12548,12856,309,Car,2,407.24,32.30,34.67,33.07,22.10,0.68,70.17,0
611,4.75,2.02,12590,12905,316,Car,1,404.78,31.34,33.29,32.14,56.06,1.70,59.84,0
612,16.67,2.50,12603,13020,418,Truck,1,402.64,23.98,24.30,24.15,60.09,2.48,-1.00,0
613,12.03,2.50,12625,13081,457,Truck,2,404.42,21.79,22.58,22.18,58.43,2.64,349.46,0
614,4.65,2.02,12640,12949,310,Car,2,406.35,32.09,33.47,32.89,113.54,3.48,7161.29,0
615,3.94,1.82,12651,12978,328,Car,1,404.89,30.22,33.15,30.96,69.93,2.17,40.79,0
616,4.75,2.02,12668,12974,307,Car,2,407.50,32.25,34.13,33.31,29.07,0.86,29.64,0
617,18.70,2.50,12674,13109,436,Truck,1,403.01,22.88,23.47,23.17,49.54,2.12,-1.00,0
618,4.35,1.82,12683,13008,326,Car,1,404.79,29.74,33.06,31.15,30.91,1.00,18.33,0
619,4.45,2.12,12704,13134,431,Car,1,405.09,22.82,24.15,23.56,18.20,0.78,17.99,0
620,4.75,2.02,12707,13032,326,Car,1,396.75,28.36,32.55,30.54,24.26,0.80,22.80,0
621,5.05,1.92,12734,13004,271,Car,2,405.80,35.20,40.41,37.60,37.46,1.05,10.18,0
622,4.04,1.92,12748,13090,343,Car,1,405.89,28.14,30.89,29.69,49.70,1.65,34.90,0
623,4.55,2.22,12799,13138,340,Car,1,403.21,28.72,31.75,29.75,52.62,1.74,39.27,0
624,3.94,1.92,12808,13068,261,Car,2,407.30,38.87,39.32,39.18,95.67,2.45,24.60,0
625,4.04,1.92,12828,13175,348,Car,1,405.80,28.42,31.34,29.25,34.59,1.12,139.68,0
626,3.44,1.72,12904,13247,344,Car,2,406.96,28.98,30.09,29.67,194.97,6.53,26.86,0
627,7.07,2.53,12949,13265,317,Car,2,406.62,30.69,32.66,32.18,14.97,0.48,8.05,0
628,8.08,2.50,12960,13367,408,Truck,1,401.97,24.40,24.90,24.70,222.43,8.97,112.82,0
629,4.60,1.82,12961,13232,272,Car,2,406.91,36.75,38.03,37.56,235.57,6.41,-1.00,0
630,5.36,2.12,12986,13249,264,Car,2,398.71,37.34,38.34,37.93,28.89,0.76,51.67,0
631,5.05,2.02,13008,13274,267,Car,2,406.09,37.70,38.70,38.18,25.02,0.65,29.89,0
632,4.55,1.92,13022,13442,421,Car,1,405.18,23.90,24.29,24.12,58.88,2.45,-1.00,0
633,5.76,2.63,13064,13405,342,Car,1,403.99,29.03,30.61,29.64,268.41,9.13,438.37,0
634,4.95,1.92,13064,13492,429,Car,1,404.10,23.03,24.51,23.61,33.83,1.39,90.62,0
635,5.96,2.12,13099,13350,252,Car,2,406.79,39.85,41.33,40.55,117.05,2.87,42.46,0
636,4.45,2.02,13125,13375,251,Car,2,403.78,39.76,41.22,40.38,35.26,0.87,192.71,0
637,4.95,1.92,13160,13448,289,Car,1,331.28,26.93,35.08,28.77,26.45,0.87,5.97,0
638,2.63,1.72,13185,13459,275,Car,2,401.59,36.37,37.29,36.68,96.34,2.58,49.81,1
639,4.95,2.02,13213,13524,312,Car,1,405.12,27.75,38.50,32.58,80.65,2.72,7.38,1
640,16.67,2.50,13240,13678,439,Truck,2,405.94,22.76,23.79,23.18,25.31,1.09,-1.00,0
641,4.65,1.92,13251,13567,317,Car,2,407.98,31.25,33.44,32.30,122.36,3.79,-1.00,1
642,18.90,2.50,13286,13722,437,Truck,2,405.42,22.08,23.57,23.24,22.37,0.95,126.40,0
643,4.14,1.92,13311,13645,335,Car,1,404.04,29.61,30.61,30.26,179.37,5.89,24.27,0
644,4.70,2.12,13314,13612,299,Car,1,404.13,32.09,34.70,33.92,109.89,3.26,18.44,0
645,4.65,2.02,13366,13652,287,Car,1,406.32,34.88,35.94,35.54,51.43,1.46,16.91,0
646,4.95,2.02,13382,13692,311,Car,2,406.79,30.22,34.45,32.82,36.50,1.10,3.82,1
647,4.35,2.12,13387,13699,313,Car,1,403.22,30.40,35.21,32.32,60.92,1.98,18.39,0
648,4.65,1.92,13430,13708,279,Car,1,404.76,36.11,36.69,36.42,76.69,2.09,45.60,0
649,7.38,2.50,13487,13870,384,Truck,1,402.36,26.04,26.55,26.27,129.84,4.89,-1.00,0
650,4.35,1.92,13501,13764,264,Car,1,406.76,37.80,39.22,38.69,80.45,2.11,32.77,0
651,4.95,2.02,13558,13936,379,Car,2,406.54,26.33,28.02,26.90,23.60,0.86,74.18,0
652,4.35,1.92,13566,13872,307,Car,1,404.02,30.86,34.03,33.02,14.11,0.41,4.59,1
653,4.65,1.92,13589,13843,255,Car,1,405.26,38.71,41.38,39.91,118.87,3.04,56.20,0
654,5.05,2.22,13592,13896,305,Car,2,398.51,31.61,34.09,32.79,263.94,8.35,-1.00,1
655,4.55,2.22,13595,13898,304,Truck,1,404.78,31.90,33.82,33.42,30.62,0.91,44.65,1
656,4.14,1.82,13623,13939,317,Car,1,405.15,30.54,32.82,32.07,31.69,0.98,14.48,0
657,4.75,2.02,13672,13986,315,Car,1,403.28,31.04,32.62,32.12,54.26,1.72,54.09,0
658,11.93,2.50,13678,14144,467,Truck,2,405.40,21.27,22.31,21.75,114.01,5.35,-1.00,0
659,4.55,2.02,13733,14052,320,Car,1,406.44,30.59,32.59,31.87,76.29,2.35,147.24,0
660,13.64,2.50,13751,14211,461,Truck,2,404.95,21.46,22.43,22.01,45.75,2.06,233.71,0
661,4.95,1.92,13813,14157,345,Car,1,405.68,28.17,30.35,29.49,97.71,3.46,-1.00,0
662,12.43,2.50,13825,14289,465,Truck,2,405.28,20.32,22.57,21.84,51.99,2.54,189.66,0
663,4.95,2.22,13850,14115,266,Car,1,407.45,37.58,40.49,38.45,323.96,8.24,49.23,0
664,14.75,2.83,13953,14376,424,Car,1,406.58,23.84,24.17,24.04,22.65,0.93,-1.00,0
665,5.15,2.12,13954,14245,292,Car,1,404.40,33.55,35.97,34.76,113.83,3.36,23.48,1
666,11.82,2.50,13984,14406,423,Truck,1,403.10,23.64,24.08,23.89,16.00,0.67,144.15,0
667,4.75,1.92,14037,14345,309,Car,2,408.12,32.21,34.75,33.14,54.53,1.62,7.66,1
668,16.83,2.50,14039,14477,439,Truck,1,402.22,22.76,23.23,22.97,34.50,1.49,-1.00,0
669,4.65,1.92,14062,14386,325,Car,2,406.95,30.24,32.15,31.41,27.46,0.89,12.40,0
670,5.05,2.12,14066,14291,226,Car,2,407.89,44.19,45.94,45.35,-1.00,-1.00,-1.00,0
671,11.82,2.50,14092,14523,432,Truck,1,403.81,23.04,24.12,23.43,31.45,1.33,33.02,0
672,4.85,1.92,14095,14441,347,Car,2,408.79,29.08,30.75,29.55,36.34,1.24,-1.00,0
673,12.03,2.50,14156,14581,426,Truck,1,403.86,23.22,24.51,23.76,41.70,1.77,41.82,0
674,4.65,2.02,14174,14416,243,Car,2,407.15,41.46,42.30,42.08,115.97,2.74,15.47,0
675,3.84,1.72,14181,14529,349,Car,2,407.27,28.44,29.66,29.27,95.46,3.35,-1.00,0
676,4.75,1.92,14206,14461,256,Car,2,407.85,39.01,40.96,40.01,48.51,1.24,-1.00,0
677,4.55,1.92,14208,14502,295,Car,2,398.92,32.33,35.39,33.94,11.62,0.35,4.46,1
678,4.04,1.82,14229,14510,282,Car,1,405.87,35.88,36.34,36.14,-1.00,-1.00,-1.00,0
679,3.94,1.82,14262,14582,321,Car,2,407.12,30.13,33.19,31.82,60.17,1.96,20.30,0
680,4.45,1.92,14277,14569,293,Car,1,405.56,34.36,35.51,34.74,64.16,1.80,-1.00,0
681,4.55,1.92,14292,14550,259,Car,2,406.51,38.41,40.55,39.41,62.31,1.62,13.91,0
682,4.75,1.92,14319,14578,260,Car,2,407.49,38.18,40.22,39.35,37.10,0.96,53.91,0
683,6.37,2.73,14327,14617,291,Car,1,405.95,34.64,35.20,35.01,60.59,1.73,76.79,0
684,5.15,2.02,14336,14642,307,Car,2,406.91,33.10,33.44,33.26,74.81,2.25,24.88,0
685,16.98,2.50,14371,14788,418,Truck,1,403.28,23.92,24.47,24.19,181.96,7.51,175.71,0
686,4.85,2.12,14381,14677,297,Car,1,407.39,33.19,35.12,34.44,70.43,2.12,450.08,0
687,4.65,1.92,14401,14709,309,Car,1,406.61,31.22,34.75,33.03,21.32,0.68,-1.00,0
688,14.45,2.50,14404,14820,417,Truck,1,404.78,24.10,24.50,24.33,16.08,0.66,37.92,0
689,3.74,1.92,14419,14733,315,Car,1,406.92,30.73,34.32,32.41,18.42,0.60,96.51,0
690,4.55,2.02,14425,14678,254,Car,2,406.55,38.38,41.74,40.20,161.04,3.96,65.96,0
691,5.05,2.02,14446,14782,337,Car,1,406.55,28.65,32.06,30.26,27.47,0.89,445.15,0
692,4.45,1.92,14450,14774,325,Car,2,406.40,30.93,31.82,31.37,147.31,4.76,-1.00,0
693,4.65,2.02,14451,14705,255,Car,2,407.90,39.00,41.70,40.17,35.55,0.91,185.89,0
694,16.67,2.50,14459,14886,428,Truck,1,405.10,23.34,24.09,23.72,36.35,1.52,-1.00,0
695,4.45,1.82,14475,14815,341,Car,1,406.71,28.62,31.65,29.92,27.07,0.93,31.02,0
696,4.45,2.02,14507,14841,335,Car,1,405.34,28.81,32.19,30.36,21.16,0.72,10.03,0
697,4.55,1.92,14543,14877,335,Car,1,407.88,28.98,32.03,30.54,35.79,1.21,22.51,0
698,4.55,1.92,14563,14954,392,Car,1,406.20,24.40,26.89,25.98,63.25,2.54,24.29,0
699,4.45,1.92,14565,14892,328,Car,1,398.89,28.85,32.04,30.50,19.72,0.66,24.31,0
700,4.55,1.92,14595,14926,332,Car,1,407.07,29.84,31.40,30.76,30.52,1.01,22.74,0
701,4.35,1.92,14604,14962,359,Car,1,406.58,27.50,29.16,28.40,7.71,0.26,3.25,1
702,4.85,2.02,14618,14949,332,Car,1,405.85,29.44,31.70,30.67,20.73,0.70,40.89,0
703,4.65,2.22,14647,14986,340,Car,1,406.93,28.84,30.73,30.02,23.80,0.81,46.18,0
704,4.24,1.92,14674,15009,336,Car,1,406.49,29.43,32.34,30.35,23.28,0.79,13.17,0
705,4.65,1.92,14705,15036,332,Car,1,406.11,29.36,33.23,30.68,27.25,0.92,16.70,0
706,4.95,1.92,14750,15067,318,Car,1,406.07,31.16,32.87,32.04,33.03,1.04,14.13,0
707,4.24,1.92,14758,15112,355,Car,1,404.61,28.43,28.88,28.59,165.96,5.78,42.70,0
708,4.95,2.12,14798,15119,322,Car,1,405.14,30.41,32.24,31.56,57.02,1.87,197.96,0
709,4.75,1.92,14822,15196,375,Car,1,406.32,26.11,27.95,27.17,70.57,2.60,-1.00,0
710,4.85,2.02,14829,15148,320,Car,1,405.81,30.95,32.40,31.82,32.96,1.02,28.66,0
711,4.45,1.92,14856,15171,316,Car,1,404.00,31.53,32.54,32.08,23.19,0.72,24.75,0
712,4.85,2.02,14877,15203,327,Car,1,407.01,30.91,31.49,31.23,23.67,0.75,-1.00,0
713,4.95,2.12,14902,15227,326,Car,1,406.39,30.56,31.79,31.28,24.97,0.80,37.47,0
714,4.24,1.92,14929,15278,350,Car,1,405.02,27.60,30.20,29.02,87.72,3.09,39.28,0
715,4.75,1.82,14968,15266,299,Car,1,406.53,31.93,36.18,34.12,44.91,1.40,13.48,0
716,4.35,2.02,15013,15314,302,Car,1,406.53,31.84,35.32,33.79,56.82,1.71,44.78,0
717,4.45,2.02,15028,15330,303,Car,1,405.82,31.60,34.89,33.61,15.90,0.46,31.37,0
718,3.64,1.82,15034,15337,304,Car,1,398.19,29.98,34.63,32.87,7.51,0.23,18.07,1
719,4.55,1.92,15051,15364,314,Car,1,406.15,31.05,33.61,32.45,23.07,0.73,13.81,0
720,4.65,1.92,15083,15399,317,Car,1,406.98,31.33,34.81,32.21,33.84,1.04,24.98,0
721,4.04,1.82,15117,15431,315,Car,1,404.54,30.93,32.62,32.22,110.32,3.38,40.13,0
722,5.15,2.02,15205,15454,250,Car,2,407.32,40.41,41.12,40.93,-1.00,-1.00,-1.00,0
723,4.24,2.02,15213,15526,314,Car,1,404.67,31.39,33.04,32.33,115.74,3.58,99.72,0
724,7.07,2.32,15243,15566,324,Car,2,406.95,31.01,31.87,31.51,53.75,1.73,-1.00,0
725,10.61,2.53,15358,15777,420,Car,2,407.06,23.75,24.79,24.31,33.31,1.36,-1.00,0
726,4.24,1.92,15360,15613,254,Car,1,405.55,36.81,42.35,40.09,127.74,3.27,15.58,1
727,4.85,2.02,15383,15612,230,Car,1,405.67,41.28,46.72,44.31,34.01,0.82,358.95,0
728,3.74,1.82,15391,15698,308,Car,2,406.88,32.72,33.90,33.16,-1.00,-1.00,-1.00,1
729,3.89,1.82,15407,15751,345,Car,1,396.75,28.64,29.30,28.85,45.39,1.58,-1.00,0
730,4.24,1.82,15416,15717,302,Car,2,401.06,32.88,34.18,33.33,28.40,0.85,106.55,1
731,4.24,1.92,15427,15679,253,Car,1,403.48,39.26,40.41,40.06,67.53,1.69,31.75,1
732,4.75,2.02,15428,15740,313,Car,1,396.88,29.59,32.69,31.82,8.46,0.26,2.35,1
733,4.04,1.92,15441,15837,397,Car,2,399.92,24.12,28.33,25.26,68.51,2.53,31.18,0
734,6.37,2.50,15474,15806,333,Truck,1,402.91,30.17,30.76,30.34,47.30,1.55,34.00,0
735,4.35,1.92,15486,15768,283,Car,1,404.65,34.02,38.06,35.89,26.67,0.78,9.25,0
736,4.45,2.02,15512,15787,276,Car,1,404.76,34.58,38.35,36.81,21.85,0.62,13.40,0
737,4.95,2.02,15532,15793,262,Car,1,397.55,34.44,39.38,38.10,11.92,0.34,7.62,0
738,16.52,2.50,15575,16014,440,Truck,2,405.58,22.55,23.79,23.11,12.82,0.55,-1.00,0
739,4.45,1.92,15592,15965,374,Car,2,399.97,25.58,27.33,26.82,227.06,8.66,-1.00,1
740,4.75,2.12,15607,15901,295,Car,1,405.21,33.27,35.45,34.47,122.43,3.62,28.09,0
741,4.45,1.87,15643,15949,307,Car,1,403.16,31.76,34.65,32.95,44.38,1.28,-1.00,1
742,4.55,1.92,15664,15916,253,Car,1,404.48,36.94,42.47,40.17,191.93,4.72,31.03,0
743,4.95,1.92,15682,15984,303,Car,2,406.93,33.31,34.22,33.71,38.21,1.13,5.57,0
744,18.90,2.50,15692,16107,416,Truck,1,402.25,24.12,24.44,24.24,27.58,1.13,-1.00,0
745,4.55,2.02,15726,16033,308,Car,1,405.17,31.70,33.75,33.01,90.04,2.67,210.01,1
746,12.03,2.50,15731,16147,417,Truck,1,403.19,23.86,24.44,24.24,25.71,1.06,176.71,0
747,5.66,2.53,15743,16093,351,Car,2,404.38,26.91,29.91,28.90,82.15,2.95,16.46,0
748,5.05,2.12,15751,16045,295,Car,2,406.23,32.85,35.92,34.57,82.20,2.31,62.77,0
749,4.24,1.92,15774,16092,319,Car,1,404.83,30.77,32.51,31.83,59.19,1.82,-1.00,0
750,4.35,1.82,15786,16086,301,Car,2,407.09,32.91,34.91,33.94,42.61,1.29,-1.00,0
751,10.31,2.50,15804,16213,410,Truck,2,403.89,24.22,25.22,24.70,61.21,2.52,-1.00,0
752,4.45,1.92,15808,16129,322,Car,1,406.42,31.35,31.92,31.66,40.98,1.29,72.66,0
753,4.55,1.92,15814,16107,294,Car,2,399.49,32.53,34.55,34.11,31.36,0.91,47.93,0
754,4.65,2.02,15839,16131,293,Car,2,405.74,33.68,35.19,34.76,21.50,0.61,26.80,0
755,4.95,2.02,15839,16159,321,Car,1,404.91,31.08,32.51,31.64,32.48,1.01,53.58,0
756,4.35,1.92,15877,16190,314,Car,1,403.96,30.85,34.00,32.28,33.07,1.05,25.43,0
757,12.83,2.50,15883,16301,419,Truck,1,402.76,23.93,24.23,24.10,134.53,5.56,452.64,0
758,4.45,1.92,15886,16172,287,Car,2,406.62,33.80,36.94,35.56,55.34,1.51,30.60,0
759,4.24,1.92,15904,16216,313,Car,1,404.29,30.02,34.76,32.40,26.77,0.86,28.63,0
760,4.75,2.02,15933,16225,293,Car,2,406.87,31.85,37.63,34.86,59.36,1.86,-1.00,0
761,17.99,2.50,15939,16399,461,Truck,2,405.79,21.09,22.70,22.06,114.96,5.45,-1.00,0
762,5.05,2.12,15953,16244,292,Car,2,405.87,33.03,36.88,34.90,18.11,0.53,22.25,0
763,4.75,1.92,15953,16253,301,Car,1,406.65,30.99,36.20,33.91,41.76,1.32,18.20,0
764,11.93,2.50,15971,16405,435,Truck,1,404.12,23.12,23.43,23.28,73.34,3.15,-1.00,0
765,4.75,1.82,15992,16315,324,Car,2,406.79,26.70,34.62,31.50,49.15,1.84,-1.00,0
766,8.59,2.50,16005,16471,467,Truck,2,404.76,21.21,22.07,21.71,47.22,2.22,-1.00,0
767,4.04,1.92,16031,16342,312,Car,1,404.29,32.03,33.04,32.52,105.42,3.19,85.27,0
768,11.87,2.50,16037,16468,432,Truck,1,404.08,23.17,23.67,23.45,47.24,2.02,145.96,0
769,4.45,2.02,16083,16387,305,Car,2,406.11,32.37,34.89,33.41,90.60,2.75,32.84,0
770,4.14,2.02,16092,16410,319,Car,1,404.37,31.09,32.17,31.81,76.07,2.36,-1.00,0
771,8.59,2.50,16099,16535,437,Truck,1,401.51,22.55,23.40,23.03,47.26,2.04,250.62,0
772,4.65,2.12,16124,16438,315,Car,1,406.02,31.98,32.58,32.35,32.17,0.99,26.19,0
773,4.65,2.02,16128,16564,437,Car,1,404.55,22.70,23.60,23.21,20.22,0.88,23.25,0
774,4.55,1.82,16135,16479,345,Car,2,407.31,29.14,30.11,29.61,70.85,2.41,11.97,1
775,4.55,2.02,16146,16466,321,Car,1,406.07,31.35,32.16,31.74,22.46,0.70,508.82,0
776,4.85,1.92,16208,16511,304,Car,2,406.12,31.74,34.45,33.52,36.36,1.13,12.35,0
777,4.24,1.92,16208,16524,317,Car,1,406.92,30.38,33.00,32.21,66.10,2.05,45.94,0
778,4.75,1.82,16240,16568,329,Car,2,399.46,29.13,32.06,30.46,35.97,1.14,13.91,1
779,6.97,2.43,16270,16570,301,Car,1,405.58,32.57,35.37,33.81,53.14,1.59,17.64,0
780,4.65,2.02,16284,16540,257,Car,2,407.61,38.22,41.01,39.82,38.84,1.00,5.53,0
781,4.95,2.02,16305,16604,300,Car,1,405.45,33.22,36.27,33.91,41.22,1.20,29.38,0
782,16.88,2.50,16327,16733,407,Truck,1,404.90,24.78,25.04,24.94,30.15,1.20,70.86,0
783,4.24,1.92,16341,16650,310,Car,1,406.14,30.99,36.15,32.87,45.71,1.34,12.22,1
784,5.26,2.22,16359,16651,293,Car,1,398.33,33.17,35.90,34.12,14.40,0.43,11.97,0
785,4.45,2.02,16384,16681,298,Car,1,405.59,33.13,35.80,34.16,26.62,0.78,24.17,0
786,4.75,1.92,16411,16708,298,Car,1,406.70,32.67,36.27,34.24,29.12,0.87,34.25,0
787,5.56,2.22,16422,16864,443,Car,1,405.33,22.01,24.20,22.94,89.54,3.70,-1.00,0
788,4.24,1.82,16523,16811,289,Car,2,407.13,34.16,37.15,35.36,16.42,0.46,125.97,0
789,4.85,2.02,16542,16785,244,Car,2,399.47,39.40,41.99,41.12,353.83,8.83,44.34,1
790,3.74,1.82,16545,16873,329,Car,1,406.49,30.54,31.48,31.00,184.66,5.88,-1.00,0
791,3.54,1.72,16555,16864,310,Car,2,408.14,32.42,33.69,33.04,40.93,1.26,-1.00,0
792,4.14,1.82,16560,16813,254,Car,2,406.77,37.60,42.37,40.23,23.42,0.62,-1.00,0
793,4.35,1.92,16590,16841,252,Car,2,407.84,38.60,41.77,40.65,41.68,1.00,88.89,0
794,4.95,2.02,16605,16909,305,Car,1,403.60,31.86,35.44,33.21,41.91,1.31,17.23,0
795,6.06,2.43,16623,16913,291,Car,2,368.38,30.11,33.28,31.77,42.69,1.41,-1.00,0
796,8.08,2.50,16629,17044,416,Truck,1,401.63,23.92,24.46,24.21,166.82,6.90,75.15,0
797,4.75,2.02,16740,17053,314,Car,2,406.59,31.84,33.11,32.49,178.25,5.51,521.48,0
798,4.24,1.82,16753,17009,257,Car,1,404.23,39.18,39.58,39.50,152.33,3.85,19.74,0
799,4.35,1.92,16828,17103,276,Car,1,406.75,36.15,37.45,37.00,116.35,3.16,-1.00,0
800,4.85,2.32,16864,17151,288,Car,1,406.19,34.81,36.46,35.40,47.52,1.36,-1.00,0
801,10.91,2.50,16868,17253,386,Truck,1,388.10,24.88,25.38,25.21,211.50,8.35,147.86,0
802,4.35,1.92,16883,17222,340,Car,2,407.17,29.70,30.51,30.04,25.44,0.84,-1.00,0
803,4.55,1.92,16896,17183,288,Car,2,407.30,34.80,36.20,35.51,-1.00,-1.00,-1.00,1
804,4.35,1.92,16899,17193,295,Car,1,406.94,33.72,35.88,34.62,44.83,1.30,-1.00,0
805,4.35,1.82,16946,17263,318,Car,2,406.37,31.37,33.01,32.07,49.25,1.51,25.23,0
806,4.75,1.92,16970,17208,239,Car,2,404.59,41.74,42.94,42.52,59.32,1.39,8.85,0
807,4.04,1.82,16970,17256,287,Car,1,404.20,34.50,36.22,35.35,81.66,2.29,36.99,0
808,4.35,1.92,17024,17330,307,Car,2,406.97,32.80,33.69,33.27,84.65,2.53,80.89,0
809,4.55,1.92,17051,17340,290,Car,1,405.77,34.47,35.46,35.10,110.25,3.15,182.05,0
810,4.35,2.02,17075,17354,280,Car,1,405.60,35.87,36.57,36.36,16.17,0.45,9.57,0
811,4.55,2.12,17099,17385,287,Car,1,405.04,35.21,35.73,35.42,29.93,0.84,-1.00,0
812,5.36,1.92,17100,17454,355,Car,2,406.83,27.92,30.32,28.74,95.64,3.33,-1.00,0
813,16.67,2.50,17112,17526,415,Truck,1,402.63,24.04,24.53,24.32,20.47,0.83,-1.00,0
814,3.54,1.72,17125,17453,329,Car,1,400.11,27.59,32.21,30.52,34.57,1.14,-1.00,1
815,4.85,1.82,17132,17368,237,Car,2,406.64,41.72,44.47,43.10,271.47,6.43,-1.00,0
816,4.75,2.12,17154,17445,292,Car,1,407.78,33.69,36.89,35.05,14.10,0.41,4.63,0
817,5.05,1.92,17187,17500,314,Car,2,407.83,31.75,33.08,32.60,53.40,1.65,16.60,0
818,5.26,2.22,17203,17475,273,Car,2,407.03,36.93,38.19,37.43,114.69,3.10,-1.00,0
819,4.04,1.72,17226,17498,273,Car,2,406.46,36.02,38.61,37.38,29.50,0.82,44.12,0
820,16.88,2.50,17263,17675,413,Truck,1,403.64,24.25,24.73,24.50,127.24,5.21,267.91,0
821,4.14,1.92,17298,17573,276,Car,1,406.96,35.94,38.42,37.01,182.07,4.89,45.69,0
822,4.35,2.02,17306,17631,326,Car,1,406.91,29.92,31.96,31.32,23.33,0.76,4.81,1
823,4.65,2.02,17387,17644,258,Car,1,398.01,33.88,41.93,38.73,20.93,0.60,5.29,0
824,4.35,2.02,17400,17742,343,Car,2,407.65,29.35,30.56,29.81,251.25,8.56,-1.00,1
825,5.15,2.02,17413,17666,254,Car,1,398.94,34.04,42.98,39.44,25.80,0.73,17.48,0
826,4.75,1.97,17444,17779,336,Car,1,404.87,28.76,30.91,30.22,117.15,3.88,20.03,0
827,4.85,2.02,17449,17783,335,Car,2,408.49,29.81,31.40,30.59,44.47,1.47,37.47,1
828,16.67,2.50,17455,17904,450,Truck,2,406.42,21.88,23.21,22.64,29.59,1.31,-1.00,0
829,4.95,2.02,17471,17737,267,Car,2,400.26,31.68,44.36,37.65,12.35,0.34,2.60,0
830,4.24,1.92,17475,17833,359,Car,1,404.64,27.24,29.29,28.27,34.55,1.18,-1.00,0
831,3.74,1.72,17513,17816,304,Car,2,406.70,30.89,36.42,33.58,49.59,1.60,-1.00,0
832,8.59,2.50,17522,17970,449,Truck,2,406.43,21.97,23.57,22.69,50.68,2.29,343.34,0
833,4.55,2.02,17541,17844,304,Car,2,407.86,30.73,36.54,33.67,31.05,0.99,518.33,0
834,4.55,1.92,17563,17876,314,Car,2,407.55,30.18,34.34,32.57,21.70,0.72,-1.00,0
835,4.04,1.82,17618,17940,323,Car,1,405.46,29.85,33.33,31.50,124.57,4.08,34.53,1
836,16.78,2.50,17624,18040,417,Truck,1,401.45,23.92,24.34,24.13,32.22,1.33,-1.00,0
837,4.75,2.02,17673,17943,271,Car,1,395.55,35.00,38.06,36.64,57.86,1.61,15.48,0
838,12.43,2.50,17684,18133,450,Truck,2,405.89,22.03,23.19,22.60,130.60,5.90,-1.00,0
839,12.03,2.50,17718,18168,451,Truck,2,406.64,22.13,23.06,22.60,19.19,0.85,128.02,0
840,4.24,1.82,17754,18003,250,Car,2,405.90,39.96,41.65,40.78,203.33,5.09,28.49,0
841,4.65,1.92,17897,18191,295,Car,2,406.79,33.85,35.26,34.60,228.94,6.76,-1.00,0
842,4.65,1.92,17908,18194,287,Car,1,403.82,35.16,35.46,35.32,210.21,5.94,18.66,0
843,4.55,2.02,17929,18219,291,Car,1,404.69,34.70,35.06,34.90,26.49,0.75,-1.00,1
844,4.55,1.92,17939,18283,345,Car,1,404.14,29.26,29.57,29.38,10.37,0.35,-1.00,0
845,4.75,2.02,17947,18188,242,Car,1,405.21,40.35,44.07,42.06,-1.00,-1.00,-1.00,0
846,16.62,2.50,17964,18412,449,Truck,2,405.05,22.23,23.03,22.61,26.52,1.16,-1.00,0
847,5.46,2.12,17965,18216,252,Car,2,405.97,38.19,41.59,40.47,32.09,0.82,8.14,0
848,5.05,2.02,17976,18231,256,Car,1,405.08,38.61,40.53,39.73,41.33,1.07,-1.00,0
849,4.14,1.82,18001,18372,372,Car,1,404.94,26.93,27.75,27.29,68.87,2.54,-1.00,0
850,4.65,1.92,18035,18310,276,Car,1,403.52,36.31,37.53,36.71,86.02,2.29,-1.00,0
851,4.04,1.82,18044,18354,311,Car,2,399.81,32.04,32.65,32.26,127.26,3.92,-1.00,1
852,16.67,2.50,18047,18502,456,Truck,2,406.38,21.20,22.86,22.36,58.76,2.74,-1.00,0
853,4.04,1.92,18086,18365,280,Car,2,398.96,35.18,36.79,35.78,14.95,0.41,3.53,0
854,3.54,1.92,18113,18446,334,Car,1,402.44,29.46,31.24,30.22,84.72,2.87,27.13,0
855,11.93,2.50,18164,18563,400,Truck,1,386.89,24.12,24.39,24.25,17.89,0.73,-1.00,0
856,4.65,1.92,18176,18397,222,Car,2,404.14,44.42,46.66,45.74,45.95,1.02,5.61,0
857,4.75,1.92,18180,18423,244,Car,1,397.35,40.36,41.51,40.91,186.22,4.57,38.84,0
858,4.85,1.92,18194,18465,272,Car,2,406.79,37.12,37.98,37.56,60.85,1.61,4.56,1
859,3.84,1.92,18218,18480,263,Car,2,399.66,36.79,39.27,38.16,23.21,0.62,20.66,0
860,4.45,1.92,18218,18514,297,Car,1,403.49,32.56,34.80,34.09,37.87,1.09,3.64,2
861,4.65,1.92,18245,18524,280,Car,1,401.30,35.04,37.16,35.98,21.94,0.62,14.33,0
862,4.35,1.92,18298,18550,253,Car,1,401.27,39.07,41.03,39.83,37.07,0.93,12.12,0
863,4.75,2.07,18299,18594,296,Car,1,396.11,32.63,34.83,33.58,22.62,0.69,3.19,1
864,4.45,1.92,18320,18578,259,Car,1,401.57,37.65,41.09,38.95,30.97,0.76,124.39,0
865,4.55,1.92,18359,18643,285,Car,2,398.23,33.05,36.16,35.06,195.08,5.50,15.52,1
866,6.77,3.23,18381,18819,439,Truck,2,405.85,22.78,23.52,23.17,46.65,2.04,984.19,0
867,4.45,1.92,18389,18657,269,Car,1,404.34,36.23,38.48,37.74,80.44,2.17,17.66,0
868,4.85,1.92,18395,18666,272,Car,2,403.68,35.29,39.29,37.27,44.84,1.27,-1.00,0
869,4.95,1.92,18422,18689,268,Car,2,405.87,34.75,40.01,38.03,30.91,0.77,31.34,0
870,16.67,2.50,18438,18835,398,Truck,1,381.75,23.87,24.29,24.05,172.43,7.09,-1.00,0
871,4.35,1.92,18442,18718,277,Car,2,405.40,34.97,39.09,36.74,23.02,0.66,-1.00,0
872,16.67,2.50,18468,18884,417,Truck,2,386.57,22.37,23.60,23.23,43.23,1.87,2068.80,0
873,5.05,2.02,18476,18891,416,Car,2,400.10,22.71,28.15,24.11,16.82,0.63,5.17,1
874,11.57,2.50,18487,18910,424,Truck,1,401.71,23.51,24.07,23.75,34.61,1.45,354.36,0
875,4.45,1.92,18503,18789,287,Car,2,405.62,35.00,37.17,35.48,82.51,2.35,-1.00,0
876,4.55,1.82,18508,18848,341,Car,1,403.12,29.60,29.94,29.67,177.19,5.91,-1.00,0
877,4.85,1.92,18528,18865,338,Car,1,403.96,29.47,30.37,29.98,15.33,0.50,25.25,0
878,6.97,2.53,18536,18959,424,Car,1,402.43,23.32,24.34,23.79,38.61,1.63,71.82,0
879,9.30,2.50,18566,19018,453,Truck,2,403.07,21.97,22.48,22.30,70.86,3.22,-1.00,0
880,4.24,1.82,18572,18837,266,Car,2,406.42,37.12,39.93,38.36,70.74,1.81,26.40,0
881,4.65,1.92,18583,18915,333,Car,1,402.28,29.88,31.11,30.30,54.16,1.78,35.24,0
882,4.65,2.22,18630,18953,324,Car,1,396.15,30.14,31.50,30.67,49.44,1.57,34.04,0
883,19.40,2.50,18642,19084,443,Truck,2,403.80,22.40,23.33,22.84,40.60,1.75,55.71,0
884,4.95,2.32,18654,19077,424,Car,1,404.30,23.32,24.25,23.90,105.12,4.35,122.47,0
885,2.93,1.82,18691,19014,324,Car,1,396.49,29.53,31.28,30.66,63.04,2.04,169.41,0
886,3.94,1.72,18706,19000,295,Car,2,404.35,34.08,34.77,34.40,139.44,4.06,19.93,0
887,4.14,1.82,18719,19051,333,Car,1,401.93,30.00,30.62,30.27,34.85,1.16,-1.00,0
888,5.05,2.02,18729,19022,294,Car,2,405.79,34.34,35.07,34.64,24.68,0.71,38.81,0
889,5.15,2.12,18737,19069,333,Car,1,404.01,29.42,31.18,30.43,16.61,0.55,26.04,0
890,3.84,1.82,18741,19120,380,Car,1,403.85,26.14,27.53,26.65,41.59,1.59,14.53,0
891,4.55,1.92,18758,19048,291,Car,2,405.23,34.32,35.73,34.95,31.75,0.90,45.11,0
892,4.75,2.02,18761,19094,334,Car,1,404.59,28.91,31.67,30.39,21.31,0.71,26.38,0
893,16.78,2.50,18792,19224,433,Truck,2,405.21,22.85,23.86,23.45,114.70,4.87,147.47,0
894,4.55,1.92,18803,19092,290,Car,2,406.22,34.49,35.59,35.15,58.15,1.64,76.74,0
895,4.55,1.92,18822,19125,304,Car,2,405.59,31.34,34.69,33.49,21.39,0.68,-1.00,0
896,4.65,2.02,18842,19155,314,Car,1,403.50,31.64,33.30,32.24,74.72,2.33,25.87,0
897,3.84,1.82,18843,19214,372,Car,1,403.75,26.92,27.58,27.22,97.69,3.62,96.45,0
898,4.14,1.92,18907,19179,273,Car,2,405.94,36.66,37.79,37.33,77.55,2.06,25.91,0
899,16.67,2.50,18930,19360,431,Truck,1,401.39,23.15,23.55,23.35,76.53,3.24,-1.00,0
900,4.75,2.12,18961,19279,319,Car,1,402.50,31.37,31.90,31.66,148.73,4.66,599.59,0
901,16.78,2.50,18986,19423,438,Truck,1,401.79,22.80,23.28,23.00,36.16,1.57,-1.00,0
902,4.35,1.82,18999,19319,321,Car,1,404.46,31.25,32.58,31.61,44.26,1.37,63.17,0
903,5.36,2.12,19056,19380,325,Car,1,402.67,30.96,31.23,31.10,66.40,2.12,-1.00,0
904,5.26,2.12,19066,19390,325,Car,1,402.87,30.65,31.52,31.10,7.77,0.25,20.63,0
905,4.95,2.22,19098,19422,325,Car,1,404.77,30.59,32.81,31.25,36.33,1.13,37.43,0
906,16.57,2.50,19118,19528,411,Truck,1,382.02,23.08,23.43,23.30,100.26,4.31,174.62,0
907,4.45,2.12,19144,19460,317,Car,1,405.19,31.41,32.51,32.08,40.74,1.28,26.27,0
908,4.55,1.92,19150,19558,409,Car,2,405.69,24.49,25.27,24.87,328.29,13.10,199.68,0
909,5.05,2.12,19191,19593,403,Car,2,405.52,24.77,25.33,25.23,29.96,1.19,40.37,0
910,4.55,2.02,19193,19617,425,Car,1,402.05,22.13,24.78,23.71,56.31,2.39,39.33,0
911,4.55,2.02,19196,19497,302,Car,1,404.24,32.59,34.21,33.59,44.31,1.33,19.71,0
912,4.04,1.82,19221,19650,430,Car,1,403.63,22.40,24.48,23.53,23.51,1.04,14.89,0
913,4.65,1.92,19285,19581,297,Car,2,406.00,33.74,34.87,34.31,76.83,2.26,8.81,1
914,4.95,1.92,19291,19721,431,Car,1,403.02,22.70,24.10,23.44,57.73,2.54,1200.14,0
915,3.94,1.82,19410,19719,310,Car,1,403.26,32.53,32.80,32.63,284.22,8.73,2643.68,0
916,10.21,2.50,19421,19846,426,Truck,1,402.50,23.56,23.86,23.69,106.24,4.50,176.30,0
917,4.45,2.02,19464,19734,271,Car,1,401.89,33.09,41.66,37.23,14.82,0.44,4.14,0
918,3.94,1.92,19482,19852,371,Car,2,405.85,27.24,27.56,27.44,280.95,10.24,106.26,0
919,9.20,2.50,19521,19952,432,Truck,2,405.05,22.80,23.94,23.50,18.09,0.77,-1.00,0
920,5.56,2.22,19522,19881,360,Car,2,405.62,27.59,28.67,28.26,26.61,0.95,30.30,1
921,4.45,2.02,19563,19867,305,Car,2,406.20,30.88,35.17,33.43,31.66,0.97,8.07,0
922,4.75,1.92,19608,19903,296,Car,2,405.67,33.85,35.35,34.40,43.48,1.28,15.14,0
923,16.78,2.50,19619,20067,449,Truck,2,404.45,21.89,23.20,22.58,73.02,3.33,-1.00,0
924,4.04,1.92,19629,19919,291,Car,2,406.07,34.05,37.01,35.03,16.66,0.48,9.84,0
925,3.74,1.82,19708,20023,316,Car,1,400.98,31.63,32.04,31.84,7.45,0.23,31.33,0
926,4.45,1.92,19714,19952,239,Car,1,395.53,41.17,42.04,41.57,179.29,4.31,10.02,1
927,4.35,2.12,19738,20057,320,Car,1,402.84,31.35,31.90,31.58,33.85,1.06,198.56,0
928,4.04,1.82,19744,19985,242,Car,1,396.71,40.82,41.60,41.18,46.06,1.10,180.80,1
929,7.07,2.63,19747,20056,310,Car,2,403.58,32.27,33.05,32.67,17.19,0.52,6.08,1
930,4.65,2.02,19758,20003,246,Car,2,404.99,39.38,42.80,41.35,130.13,3.19,18.70,0
931,3.84,1.82,19806,20137,332,Car,1,401.13,29.46,31.06,30.31,81.63,2.63,-1.00,0
932,4.85,2.02,19812,20077,266,Car,1,401.41,37.45,38.24,37.90,106.35,2.78,-1.00,0
933,6.87,2.50,19827,20118,292,Truck,2,402.37,34.32,34.93,34.59,80.92,2.33,48.25,0
934,16.67,2.50,19855,20255,401,Truck,2,404.49,24.83,25.72,25.29,124.19,5.00,78.71,0
935,3.94,1.82,19888,20287,400,Car,2,404.98,24.54,25.87,25.39,29.38,1.13,94.78,0
936,5.05,2.22,19934,20201,268,Car,2,405.50,36.76,39.23,37.99,121.65,3.16,34.87,0
937,5.05,2.32,19992,20270,279,Car,2,404.42,35.79,37.23,36.39,79.87,2.14,-1.00,0
938,4.85,2.02,20019,20295,277,Car,2,405.47,35.72,38.43,36.76,30.44,0.83,26.66,0
939,5.05,2.12,20038,20361,324,Car,1,403.52,30.56,31.80,31.25,272.40,8.63,131.07,0
940,4.75,1.92,20067,20340,274,Car,2,404.11,36.15,37.52,37.04,61.96,1.69,50.57,0
941,4.14,1.92,20117,20409,293,Car,1,402.91,33.94,35.50,34.51,61.05,1.79,18.91,1
942,4.45,1.82,20117,20471,355,Car,2,404.61,28.09,29.11,28.58,208.34,7.30,78.22,0
943,19.10,2.50,20130,20556,427,Truck,1,402.00,23.50,23.67,23.60,12.30,0.52,-1.00,0
944,4.35,2.02,20142,20409,268,Car,1,402.55,37.48,37.87,37.71,30.37,0.80,11.96,0
945,4.55,1.92,20153,20577,425,Car,1,402.85,23.23,24.44,23.76,15.17,0.64,21.42,0
946,4.35,2.02,20173,20478,306,Car,1,395.61,31.33,32.90,32.44,42.22,1.31,-1.00,1
947,4.65,2.12,20214,20490,277,Car,1,401.27,35.03,38.63,36.37,17.02,0.48,5.23,0
948,4.55,2.12,20258,20532,275,Car,1,401.93,35.54,38.90,36.70,52.93,1.48,30.26,0
949,4.14,1.92,20300,20588,289,Car,1,394.85,34.01,35.13,34.29,19.45,0.55,2.38,1
950,4.95,2.02,20315,20574,260,Car,1,403.68,38.82,39.19,38.99,60.70,1.55,18.72,0
951,4.55,2.12,20354,20623,270,Car,1,401.77,36.32,37.63,37.36,40.62,1.10,17.03,0
952,6.37,2.53,20363,20744,382,Car,2,405.01,26.25,26.75,26.58,274.17,10.44,-1.00,0
953,4.24,1.92,20395,20666,272,Car,1,402.26,36.51,37.48,37.13,57.06,1.56,59.61,0
954,18.60,2.50,20439,20870,432,Truck,1,402.88,23.23,23.49,23.38,171.78,7.31,1278.00,0
955,4.75,2.12,20523,20847,325,Car,1,404.74,30.93,31.38,31.24,185.28,5.99,-1.00,0
956,18.39,2.50,20525,20954,430,Truck,1,403.80,23.39,23.67,23.54,59.62,2.54,170.87,0
957,4.04,2.12,20545,20863,319,Car,1,402.37,30.18,32.51,31.64,16.25,0.51,16.97,0
958,4.75,2.02,20566,20883,318,Car,1,403.76,31.55,32.47,31.86,18.58,0.57,11.13,0
959,16.57,2.50,20604,21007,404,Truck,1,382.10,23.45,23.81,23.71,54.68,2.31,169.05,0
960,4.04,1.82,20612,20919,308,Car,1,402.90,32.43,34.22,32.82,42.17,1.29,22.21,0
961,6.06,2.53,20646,20936,291,Car,1,403.19,32.03,36.01,34.78,16.87,0.51,9.07,0
962,11.82,2.50,20658,21099,442,Truck,2,404.85,22.49,23.49,22.96,299.87,13.33,-1.00,0
963,9.50,2.43,20674,21092,419,Car,1,404.61,23.20,25.12,24.21,48.36,2.02,41.03,0
964,4.65,2.02,20723,21120,398,Car,1,402.58,23.94,26.04,25.36,24.17,0.94,10.00,0
965,4.45,1.92,20725,20983,259,Car,1,394.74,35.85,39.04,38.26,70.46,1.90,13.93,0
966,4.35,1.82,20840,21170,331,Car,2,405.71,30.30,31.20,30.75,83.84,2.71,11.24,1
967,16.78,2.50,20855,21298,444,Truck,2,404.19,22.41,23.20,22.82,25.44,1.12,-1.00,0
968,16.67,2.50,20893,21306,414,Truck,1,399.72,24.05,24.36,24.21,149.55,6.14,-1.00,0
969,7.58,2.50,20920,21368,449,Truck,2,403.52,22.15,22.87,22.53,49.93,2.25,-1.00,0
970,4.60,1.92,20938,21362,425,Car,1,404.57,23.61,24.38,23.86,42.34,1.73,446.08,0
971,4.55,1.92,20967,21265,299,Car,2,405.18,33.44,34.44,34.01,-1.00,-1.00,-1.00,0
972,4.95,2.02,20975,21301,327,Car,2,405.74,30.45,31.50,31.12,9.21,0.30,4.23,1
973,3.94,1.82,21001,21430,430,Car,1,403.25,23.23,23.86,23.51,56.61,2.43,1443.72,0
974,4.65,2.22,21004,21263,260,Car,1,402.38,38.27,39.10,38.86,-1.00,-1.00,-1.00,0
975,4.65,1.82,21014,21329,316,Car,2,404.15,31.69,32.73,32.09,32.60,1.01,20.41,0
976,4.35,1.92,21037,21299,263,Car,1,403.44,37.83,38.89,38.52,48.63,1.28,241.43,0
977,4.45,1.82,21040,21419,380,Car,1,404.74,25.37,29.61,26.71,4.00,0.14,0.84,1
978,4.45,1.92,21054,21366,313,Car,2,404.77,31.98,32.72,32.45,43.55,1.33,62.11,0
979,8.79,2.50,21067,21500,434,Truck,2,403.78,22.83,23.55,23.32,115.32,4.91,188.24,0
980,4.90,2.12,21084,21478,395,Car,1,403.38,24.74,26.37,25.60,39.10,1.53,18.08,0
981,5.46,2.63,21087,21379,293,Car,1,403.70,34.39,34.72,34.59,70.76,2.05,-1.00,0
982,4.04,1.82,21114,21420,307,Car,2,404.65,32.71,33.35,33.08,68.24,2.05,82.21,0
983,4.65,1.92,21122,21504,383,Car,1,402.16,25.95,27.09,26.35,21.94,0.83,15.34,0
984,7.07,2.50,21159,21459,301,Truck,2,402.81,32.79,34.17,33.59,46.02,1.37,50.03,0
985,3.94,1.82,21185,21500,316,Car,1,403.84,31.58,33.08,32.10,52.10,1.62,9.96,1
986,4.50,2.02,21191,21498,308,Car,2,406.36,31.50,34.18,33.10,38.61,1.22,128.96,0
987,5.96,2.22,21229,21535,307,Car,2,405.58,32.39,33.96,33.15,37.30,1.13,21.29,0
988,4.35,1.92,21247,21542,296,Car,2,397.38,32.37,35.40,33.68,12.17,0.37,6.46,1
989,4.75,2.02,21281,21565,285,Car,2,404.14,33.01,38.09,35.60,18.67,0.56,10.00,0
990,3.64,1.72,21302,21636,335,Car,1,404.11,29.99,30.60,30.26,155.49,5.18,38.10,0
991,3.74,1.82,21310,21585,276,Car,2,404.62,34.04,38.68,36.80,23.42,0.68,13.54,0
992,4.65,2.02,21339,21605,267,Car,2,398.75,36.13,38.11,37.49,92.94,2.48,18.50,0
993,16.57,2.50,21407,21816,410,Truck,1,399.43,24.31,24.49,24.42,107.92,4.41,-1.00,0
994,6.06,2.43,21431,21842,412,Car,1,403.08,24.35,24.75,24.53,18.77,0.77,63.92,0
995,12.33,2.50,21434,21891,458,Truck,2,404.11,21.38,22.47,22.11,130.72,6.11,-1.00,0
996,4.35,1.92,21456,21869,414,Car,1,402.16,24.11,24.67,24.35,18.26,0.74,87.46,0
997,11.93,2.50,21488,21943,456,Truck,2,403.60,21.31,22.62,22.18,34.38,1.55,85.48,0
998,5.05,2.02,21500,21779,280,Car,2,404.10,35.24,38.19,36.23,278.36,7.88,217.93,0
999,4.55,1.82,21530,21753,224,Car,1,401.01,42.66,46.33,44.99,-1.00,-1.00,-1.00,0
1000,4.85,2.02,21549,21784,236,Car,1,403.11,41.19,44.58,42.92,29.23,0.71,-1.00,0
1001,11.93,2.50,21565,22031,467,Truck,2,403.67,20.79,22.52,21.66,54.27,2.61,-1.00,0
1002,4.75,2.02,21598,21934,337,Car,1,396.19,29.23,29.67,29.49,78.83,2.69,17.00,0
1003,5.26,2.12,21605,21914,310,Car,2,405.38,31.20,33.62,32.82,144.97,4.64,-1.00,0
1004,16.78,2.50,21616,22084,469,Truck,2,403.50,20.65,22.80,21.56,24.71,1.19,-1.00,0
1005,4.04,1.92,21620,21905,286,Car,1,403.65,35.08,35.74,35.43,115.40,3.25,-1.00,0
1006,12.23,2.50,21651,22125,475,Truck,2,403.84,20.68,22.26,21.31,17.75,0.85,-1.00,0
1007,4.55,2.02,21652,21928,277,Car,1,403.37,35.71,37.74,36.56,27.79,0.77,19.08,0
1008,4.85,2.02,21676,22147,472,Car,2,405.46,21.09,22.27,21.53,14.47,0.65,28.44,0
1009,4.75,2.12,21678,22088,411,Car,1,402.86,24.34,24.75,24.58,89.24,3.60,-1.00,0
1010,4.14,1.82,21706,21983,278,Car,1,404.16,36.39,36.55,36.49,75.38,2.06,97.93,0
1011,4.65,1.82,21710,22105,396,Car,1,397.10,24.70,25.59,25.14,19.92,0.78,18.61,0
1012,4.04,1.92,21734,22099,366,Car,1,404.04,25.17,31.66,27.69,11.25,0.40,5.11,1
1013,4.55,2.12,21738,22009,272,Car,1,404.52,37.17,37.57,37.34,34.42,0.92,37.89,0
1014,4.35,1.92,21739,22036,298,Car,2,403.69,33.00,34.75,33.99,159.02,4.66,86.38,0
1015,8.89,2.50,21747,22216,470,Truck,2,403.30,20.70,21.92,21.51,49.58,2.32,145.88,0
1016,4.24,1.92,21758,22050,293,Car,2,397.58,33.45,34.60,34.05,20.27,0.60,36.31,0
1017,5.05,2.02,21772,22063,292,Car,2,396.43,33.41,34.33,34.08,14.19,0.42,20.06,0
1018,4.75,2.12,21778,22053,276,Car,1,403.23,36.37,37.21,36.67,54.23,1.46,-1.00,0
1019,4.85,2.22,21903,22257,355,Car,1,402.81,27.91,28.78,28.46,158.67,5.58,50.48,0
1020,4.65,1.92,21919,22233,315,Car,1,404.73,32.17,32.31,32.24,167.60,5.20,39.35,0
1021,3.64,1.77,21933,22277,345,Car,2,404.36,28.05,31.28,29.39,64.43,2.28,10.17,1
1022,12.03,2.50,21957,22380,424,Truck,2,403.18,23.38,24.10,23.83,17.48,0.74,-1.00,0
1023,4.04,1.82,22021,22442,422,Car,1,397.95,23.34,24.26,23.64,12.42,0.53,-1.00,0
1024,18.19,2.50,22051,22485,435,Truck,2,404.23,22.52,24.11,23.29,70.94,3.15,-1.00,0
1025,4.55,1.92,22064,22368,305,Car,2,404.85,32.47,33.67,33.31,-1.00,-1.00,-1.00,0
1026,7.07,2.53,22067,22381,315,Car,1,403.55,31.00,33.19,32.15,23.22,0.74,3.12,1
1027,4.24,1.92,22087,22417,331,Car,2,404.60,29.30,32.29,30.67,25.28,0.86,-1.00,0
1028,9.50,2.50,22087,22515,429,Truck,2,401.92,22.92,24.46,23.49,20.79,0.89,44.34,0
1029,5.15,2.22,22103,22422,320,Car,1,394.80,29.82,31.63,30.95,22.20,0.70,2.72,2
1030,4.75,2.02,22107,22395,289,Car,1,403.69,32.47,39.98,35.05,13.44,0.40,4.98,0
1031,4.55,2.12,22131,22460,330,Car,1,395.83,29.59,31.28,30.08,19.58,0.65,3.02,1
1032,4.24,1.82,22142,22456,315,Car,2,404.08,31.76,32.48,32.18,45.60,1.41,23.53,0
1033,3.44,1.82,22234,22531,298,Car,2,358.55,29.21,31.51,30.20,60.79,2.06,12.04,0
1034,3.64,1.72,22238,22531,294,Car,1,352.59,29.06,30.66,30.10,120.73,3.99,22.47,0
1035,4.75,1.92,22248,22518,271,Car,2,403.85,36.73,37.72,37.42,89.01,2.36,14.93,0
1036,4.65,2.12,22253,22539,287,Car,1,388.03,33.72,34.10,33.93,110.75,3.27,28.79,0
1037,4.65,2.22,22284,22539,256,Car,1,343.01,33.16,34.39,33.66,37.83,1.10,66.90,0
1038,4.24,2.12,22287,22531,245,Car,2,360.50,36.05,37.40,36.96,54.75,1.52,-1.00,0
1039,17.99,2.50,22305,22539,235,Truck,1,218.63,23.33,23.53,23.38,65.53,2.78,-1.00,0
1040,4.35,1.92,22337,22539,203,Car,2,306.32,37.29,38.30,37.94,60.67,1.61,60.46,0
1041,4.75,2.02,22357,22539,183,Car,1,240.31,31.95,33.68,33.03,93.32,2.87,-1.00,0
1042,5.05,1.92,22369,22539,171,Car,2,225.52,33.17,33.28,33.20,139.46,4.19,37.86,0
1043,7.38,2.53,22376,22539,164,Car,1,209.80,31.28,33.26,32.21,16.46,0.52,-1.00,0
1044,5.15,2.02,22383,22538,156,Car,2,233.81,37.03,39.03,37.75,63.66,1.68,45.59,0
1045,4.75,2.02,22456,22539,84,Car,1,112.72,33.95,34.21,34.01,91.27,2.67,52.71,0
1046,4.35,2.12,22456,22531,76,Car,1,89.72,29.44,30.58,29.96,118.38,4.02,19.11,0
1047,6.37,3.13,22508,22539,32,Truck,1,43.46,34.85,35.75,35.29,65.47,1.83,42.53,0
